"","X","No.","Coder","Article_ID","pub.year","Pub_Type","Pub_Type_7_TEXT","Funding","Funding_5_TEXT","Q2","Q2_4_TEXT","Q4","Study.ID","Q4_17_TEXT","Study_location","Study_location_3_TEXT","Language","Language_2_TEXT","Stimuli_modality","Stimuli_modality_9_TEXT","Manipulation","Manipulation_4_TEXT","Narrative","Event_Type","Event_Type_7_TEXT","Persuasion_Object","Reparation","Reparation_3_TEXT","Arousal_Appraisal","Arousal_Appraisal_3_TEXT","Locus","Stability","Controllability","Social_Distance","Social_Distance_5_TEXT","Study_design","Study_design_3_TEXT","Measure_time","No_Message_1Conditio","Sample_size","Sampling_frame","Sampling_frame_5_TEXT","Inclusion_exclusion","M_Age","SD_Age","No_women","No_Black","No_Hispanic","No_Asian","No_White","mTurkCode","ES","A1_DV_Name","A1_DV_Type","A1_DV_Type_6_TEXT","A1_Moderator","A1_post_control","C_No","C_M","C_SD","C_percentage","T_No","T_M","T_SD","T_Percentage","F_test","df_F","t_test","df_t","Correlation","df_corr","chisq","df_chisq","eta_square","cohen_d","omega","g","v_g"
"1",1,1,2,"Agrawal_2010",NA,1,NA,1,NA,"Study",NA,"1","Agrawal_2010 Study 1",NA,1,NA,1,NA,2,NA,2,NA,4,4,NA,"Binge drinking",1,NA,3,NA,1,3,2,1,NA,1,NA,1,1,478,2,NA,NA,NA,NA,NA,NA,NA,NA,NA,NA,1,"Binge drinking intention",4,NA,"Other-as-suffers frame",1,96,3.88,NA,NA,96,4.33,NA,NA,5.67,"474",NA,NA,NA,NA,NA,NA,NA,NA,0.01,2.379905,1.004895
"2",2,2,2,"Agrawal_2010",NA,1,NA,1,NA,"Study",NA,"1","Agrawal_2010 Study 1",NA,1,NA,1,NA,2,NA,2,NA,4,4,NA,"Binge drinking",1,NA,3,NA,1,3,2,1,NA,1,NA,1,1,478,2,NA,NA,NA,NA,NA,NA,NA,NA,NA,NA,2,"Binging estimates for the average student",3,NA,"other-as-suffers frame",1,96,5.07,NA,NA,96,4.56,NA,NA,6.08,"1, 474",NA,NA,NA,NA,NA,NA,NA,NA,0.01,2.464449,1.005326
"4",4,4,1,"Allard_2015",NA,1,NA,1,NA,"Study",NA,"1","Allard_2015 Study 1",NA,1,NA,1,NA,9,"recall",2,NA,4,2,NA,"fitness app",3,NA,3,NA,NA,2,2,1,NA,1,NA,1,1,169,1,NA,NA,34.1,NA,85,NA,NA,NA,NA,4644,1,"Self-Improvement Strivings",3,NA,NA,NA,84,2.07,0.72,NA,85,2.3,0.68,NA,NA,NA,2.23,167,NA,NA,NA,NA,NA,NA,NA,0.327015708,0.023985856
"5",5,5,1,"Allard_2015",NA,1,NA,1,NA,"Study",NA,"1","Allard_2015 Study 1",NA,1,NA,1,NA,9,"recall",2,NA,4,2,NA,"fitness app",3,NA,3,NA,NA,2,2,1,NA,1,NA,1,1,169,1,NA,NA,34.1,NA,85,NA,NA,NA,NA,4644,2,"Usage Likelihood",4,NA,NA,NA,84,5.19,2.01,NA,85,5.68,1.53,NA,4.01,"1, 66",NA,NA,NA,NA,NA,NA,NA,NA,NA,0.273309665,0.023890468
"6",6,6,1,"Allard_2015",NA,1,NA,1,NA,"Study",NA,"2","Allard_2015 Study 2",NA,1,NA,1,NA,9,"recall",2,NA,4,2,NA,"elf-improvement product",3,NA,3,NA,NA,2,2,1,NA,1,NA,1,1,166,2,NA,NA,20.4,NA,99,NA,NA,NA,NA,1208,1,"Pre-Choice Guilt",1,NA,NA,NA,83,2.48,1.55,NA,83,5.16,1.28,NA,NA,NA,12.15,164,NA,NA,NA,NA,NA,NA,NA,1.876793656,0.034705887
"7",7,7,1,"Allard_2015",NA,1,NA,1,NA,"Study",NA,"2","Allard_2015 Study 2",NA,1,NA,1,NA,9,"recall",2,NA,4,2,NA,"elf-improvement product",3,NA,3,NA,NA,2,2,1,NA,1,NA,1,1,166,2,NA,NA,20.4,NA,99,NA,NA,NA,NA,1208,2,"Pre-Choice Self-Improvement Motivation",6,NA,NA,NA,83,2.24,0.76,NA,83,2.49,0.71,NA,NA,NA,2.11,164,NA,NA,NA,NA,NA,NA,NA,0.338382098,0.024441272
"8",9,9,1,"Allard_2015",NA,1,NA,1,NA,"Study",NA,"2","Allard_2015 Study 2",NA,1,NA,1,NA,9,"recall",2,NA,4,2,NA,"elf-improvement product",3,NA,3,NA,NA,2,2,1,NA,1,NA,1,1,166,2,NA,NA,20.4,NA,99,NA,NA,NA,NA,1208,4,"guilt_self improvement",1,NA,NA,2,81,2.05,1.3,NA,81,4.19,1.64,NA,NA,NA,NA,NA,NA,NA,NA,NA,NA,NA,NA,1.439352843,0.031085607
"9",10,10,1,"Allard_2015",NA,1,NA,1,NA,"Study",NA,"2","Allard_2015 Study 2",NA,1,NA,1,NA,9,"recall",2,NA,4,2,NA,"elf-improvement product",3,NA,3,NA,NA,2,2,1,NA,1,NA,1,1,166,2,NA,NA,20.4,NA,99,NA,NA,NA,NA,1208,5,"guilt_money",1,NA,NA,2,81,2.49,1.44,NA,81,4.12,1.19,NA,NA,NA,NA,NA,NA,NA,NA,NA,NA,NA,NA,1.228186383,0.029347043
"10",11,11,1,"Allard_2015",NA,1,NA,1,NA,"Study",NA,"2","Allard_2015 Study 2",NA,1,NA,1,NA,9,"recall",2,NA,4,2,NA,"elf-improvement product",3,NA,3,NA,NA,2,2,1,NA,1,NA,1,1,166,2,NA,NA,20.4,NA,99,NA,NA,NA,NA,1208,8,"Desire for self-improvement_self-improvement_control condition",6,NA,NA,2,81,2.4,0.68,NA,81,2.52,0.66,NA,NA,NA,NA,NA,NA,NA,NA,NA,NA,NA,NA,0.17824354,0.024789416
"11",12,12,1,"Allard_2015",NA,1,NA,1,NA,"Study",NA,"2","Allard_2015 Study 2",NA,1,NA,1,NA,9,"recall",2,NA,4,2,NA,"elf-improvement product",3,NA,3,NA,NA,2,2,1,NA,1,NA,1,1,166,2,NA,NA,20.4,NA,99,NA,NA,NA,NA,1208,9,"Desire for self-improvement_money_control condition",6,NA,NA,2,81,2.09,0.99,NA,81,2.31,0.82,NA,NA,NA,NA,NA,NA,NA,NA,NA,NA,NA,NA,0.240892161,0.02487046
"13",14,14,1,"Allard_2015",NA,1,NA,1,NA,"Study",NA,"3","Allard_2015 Study 3",NA,1,NA,1,NA,9,"recall",2,NA,4,2,NA,"herbal tea",3,NA,3,NA,NA,2,1,1,NA,1,NA,1,0,157,2,NA,NA,20.4,NA,83,NA,NA,NA,NA,3116,2,"Willingness to Pay",4,NA,NA,NA,31,-0.17,1.08,NA,32,0.42,1.03,NA,NA,NA,2.19,152,NA,NA,NA,NA,NA,NA,NA,0.552392233,0.065929788
"14",15,15,1,"Allard_2015",NA,1,NA,1,NA,"Study",NA,"3","Allard_2015 Study 3",NA,1,NA,1,NA,9,"recall",2,NA,4,2,NA,"herbal tea",3,NA,3,NA,NA,2,1,1,NA,1,NA,1,0,157,2,NA,NA,20.4,NA,83,NA,NA,NA,NA,3116,3,"Punishment Seeking",6,"Punishment Seeking",NA,NA,NA,NA,NA,NA,NA,NA,NA,NA,NA,NA,1.91,152,NA,NA,NA,NA,NA,NA,NA,0.3082911,0.0263655
"15",16,16,1,"Allard_2015",NA,1,NA,1,NA,"Study",NA,"5","Allard_2015 Study 5",NA,1,NA,1,NA,9,"recall",2,NA,4,2,NA,"self-improvement product",3,NA,3,NA,NA,2,2,5,"no message",1,NA,1,0,390,1,NA,NA,34,NA,175,NA,NA,NA,NA,3135,1,"guilt",1,NA,NA,NA,NA,NA,NA,NA,NA,NA,NA,NA,NA,NA,16.09,387,NA,NA,NA,NA,NA,NA,NA,1.632618,0.01373945
"16",17,17,1,"Allard_2015",NA,1,NA,1,NA,"Study",NA,"5","Allard_2015 Study 5",NA,1,NA,1,NA,9,"recall",2,NA,4,2,NA,"self-improvement product",3,NA,3,NA,NA,2,2,5,"no message",1,NA,1,0,390,1,NA,NA,34,NA,175,NA,NA,NA,NA,3135,2,"the self-theory scale as predictor of product usefulness",6,NA,NA,NA,NA,NA,NA,NA,NA,NA,NA,NA,NA,NA,2.27,384,NA,NA,NA,NA,NA,NA,NA,0.2312257,0.01044539
"17",18,18,2,"Antonetti_2018",NA,1,NA,1,"British Academy","Study",NA,"Other","Antonetti_2018 Study 1a","1a",1,NA,1,NA,2,NA,1,NA,2,3,NA,"Recycling",1,NA,1,NA,1,1,1,4,NA,1,NA,1,1,401,1,NA,NA,NA,NA,209,NA,NA,NA,NA,NA,1,"Guilt",1,NA,NA,1,195,2.41,1.65,NA,206,3.42,1.83,NA,NA,NA,5.81,399,NA,NA,NA,NA,NA,NA,NA,0.577773307,0.010398811
"18",19,19,2,"Antonetti_2018",NA,1,NA,1,"British Academy","Study",NA,"Other","Antonetti_2018 Study 1a","1a",1,NA,1,NA,2,NA,1,NA,2,3,NA,"Recycling",1,NA,1,NA,1,1,1,4,NA,1,NA,1,1,401,1,NA,NA,NA,NA,209,NA,NA,NA,NA,NA,2,"Transportation",6,"Transportation",NA,1,195,4.99,1.12,NA,206,5.06,1.19,NA,NA,NA,NA,NA,NA,NA,NA,NA,NA,NA,NA,0.060413897,0.009987125
"19",20,20,2,"Antonetti_2018",NA,1,NA,1,"British Academy","Study",NA,"Other","Antonetti_2018 Study 1a","1a",1,NA,1,NA,2,NA,1,NA,2,3,NA,"Recycling",1,NA,1,NA,1,1,1,4,NA,1,NA,1,1,401,1,NA,NA,NA,NA,209,NA,NA,NA,NA,NA,3,"Attitude toward recycling",3,NA,NA,1,195,5.81,1.05,NA,206,5.95,1.15,NA,NA,NA,NA,NA,NA,NA,NA,NA,NA,NA,NA,0.126743888,0.010002604
"20",21,21,2,"Antonetti_2018",NA,1,NA,1,"British Academy","Study",NA,"Other","Antonetti_2018 Study 1a","1a",1,NA,1,NA,2,NA,1,NA,2,3,NA,"Recycling",1,NA,1,NA,1,1,1,4,NA,1,NA,1,1,401,1,NA,NA,NA,NA,209,NA,NA,NA,NA,NA,4,"cognition",6,"Cognition",NA,1,195,5.37,1.11,NA,206,5.32,1.37,NA,NA,NA,NA,NA,NA,NA,NA,NA,NA,NA,NA,-0.039913414,0.00998456
"21",22,22,2,"Antonetti_2018",NA,1,NA,1,"British Academy","Study",NA,"Other","Antonetti_2018 Study 1a","1a",1,NA,1,NA,2,NA,1,NA,2,3,NA,"Recycling",1,NA,1,NA,1,1,1,4,NA,1,NA,1,1,401,1,NA,NA,NA,NA,209,NA,NA,NA,NA,NA,5,"Anticipated Guilt",1,NA,NA,1,195,4.49,1.75,NA,206,4.51,1.81,NA,NA,NA,NA,NA,NA,NA,NA,NA,NA,NA,NA,0.011208022,0.009982731
"22",23,23,2,"Antonetti_2018",NA,1,NA,1,"British Academy","Study",NA,"Other","Antonetti_2018 Study 1a","1a",1,NA,1,NA,2,NA,1,NA,2,3,NA,"Recycling",1,NA,1,NA,1,1,1,4,NA,1,NA,1,1,401,1,NA,NA,NA,NA,209,NA,NA,NA,NA,NA,6,"Recycling behavior",5,NA,NA,1,195,3.73,1.19,NA,206,3.83,1.12,NA,NA,NA,NA,NA,NA,NA,NA,NA,NA,NA,NA,0.086449759,0.009991893
"23",24,24,2,"Antonetti_2018",NA,1,NA,1,"British Academy","Study",NA,"Other","Antonetti_2018 Study 1b","1b",1,NA,1,NA,2,NA,1,NA,1,2,NA,"Fair trade",1,NA,2,NA,1,1,2,4,NA,1,NA,2,1,244,1,NA,NA,NA,NA,110,NA,NA,NA,NA,NA,1,"Guilt",1,NA,NA,1,122,2.63,1.45,NA,122,3.42,1.7,NA,NA,NA,5.94,242,NA,NA,NA,NA,NA,NA,NA,0.498463519,0.016902594
"24",25,25,2,"Antonetti_2018",NA,1,NA,1,"British Academy","Study",NA,"Other","Antonetti_2018 Study 1b","1b",1,NA,1,NA,2,NA,1,NA,1,2,NA,"Fair trade",1,NA,2,NA,1,1,2,4,NA,1,NA,2,1,244,1,NA,NA,NA,NA,110,NA,NA,NA,NA,NA,2,"Transportation",6,"Cognition",NA,1,122,4.71,1.04,NA,122,4.73,1.06,NA,NA,NA,NA,NA,NA,NA,NA,NA,NA,NA,NA,0.018987655,0.016394181
"25",26,26,2,"Antonetti_2018",NA,1,NA,1,"British Academy","Study",NA,"Other","Antonetti_2018 Study 1b","1b",1,NA,1,NA,2,NA,1,NA,1,2,NA,"Fair trade",1,NA,2,NA,1,1,2,4,NA,1,NA,2,1,244,1,NA,NA,NA,NA,110,NA,NA,NA,NA,NA,3,"Attitude toward fair trade",3,NA,NA,1,122,5.86,1.04,NA,122,5.82,1.12,NA,NA,NA,NA,NA,NA,NA,NA,NA,NA,NA,NA,-0.036896817,0.016396232
"26",27,27,2,"Antonetti_2018",NA,1,NA,1,"British Academy","Study",NA,"Other","Antonetti_2018 Study 1b","1b",1,NA,1,NA,2,NA,1,NA,1,2,NA,"Fair trade",1,NA,2,NA,1,1,2,4,NA,1,NA,2,1,244,1,NA,NA,NA,NA,110,NA,NA,NA,NA,NA,4,"Cognition",6,"Cognition",NA,1,122,4.48,1.28,NA,122,4.66,1.15,NA,NA,NA,NA,NA,NA,NA,NA,NA,NA,NA,NA,0.147477565,0.016438012
"27",28,28,2,"Antonetti_2018",NA,1,NA,1,"British Academy","Study",NA,"Other","Antonetti_2018 Study 1b","1b",1,NA,1,NA,2,NA,1,NA,1,2,NA,"Fair trade",1,NA,2,NA,1,1,2,4,NA,1,NA,2,1,244,1,NA,NA,NA,NA,110,NA,NA,NA,NA,NA,5,"Anticipated Guilt",1,NA,NA,1,122,3.49,1.75,NA,122,3.78,1.68,NA,NA,NA,NA,NA,NA,NA,NA,NA,NA,NA,NA,0.168536425,0.016451649
"28",29,29,2,"Antonetti_2018",NA,1,NA,1,"British Academy","Study",NA,"Other","Antonetti_2018 Study 1b","1b",1,NA,1,NA,2,NA,1,NA,1,2,NA,"Fair trade",1,NA,2,NA,1,1,2,4,NA,1,NA,2,1,244,1,NA,NA,NA,NA,110,NA,NA,NA,NA,NA,6,"Fair trade consumption",5,NA,NA,1,122,3.06,0.8,NA,122,3.2,0.9,NA,NA,NA,NA,NA,NA,NA,NA,NA,NA,NA,NA,0.163911475,0.016448498
"29",30,30,2,"Antonetti_2018",NA,1,NA,1,"British Academy","Study",NA,"2","Antonetti_2018 Study 2",NA,1,NA,1,NA,1,NA,1,NA,2,3,NA,"Recycling",1,NA,1,NA,1,1,1,4,NA,1,NA,2,1,160,1,NA,NA,NA,NA,77,NA,NA,NA,NA,NA,1,"Guilt",1,NA,"Text only",1,84,2.27,1.39,NA,76,3.2,1.61,NA,NA,NA,NA,NA,NA,NA,NA,NA,NA,NA,NA,0.61768447,0.026254951
"30",31,31,2,"Antonetti_2018",NA,1,NA,1,"British Academy","Study",NA,"2","Antonetti_2018 Study 2",NA,1,NA,1,NA,1,NA,1,NA,2,3,NA,"Recycling",1,NA,1,NA,1,1,1,4,NA,1,NA,2,1,160,1,NA,NA,NA,NA,77,NA,NA,NA,NA,NA,2,"Transportation",6,"Cognition","Text only",1,84,4.46,0.96,NA,76,4.88,1.04,NA,NA,NA,NA,NA,NA,NA,NA,NA,NA,NA,NA,0.41851577,0.025610017
"31",32,32,2,"Antonetti_2018",NA,1,NA,1,"British Academy","Study",NA,"2","Antonetti_2018 Study 2",NA,1,NA,1,NA,1,NA,1,NA,2,3,NA,"Recycling",1,NA,1,NA,1,1,1,4,NA,1,NA,2,1,160,1,NA,NA,NA,NA,77,NA,NA,NA,NA,NA,3,"Attitudes toward recycling",3,NA,"Text-only",1,84,6.13,0.83,NA,76,6,0.87,NA,NA,NA,NA,NA,NA,NA,NA,NA,NA,NA,NA,-0.152353245,0.025135193
"32",33,33,2,"Antonetti_2018",NA,1,NA,1,"British Academy","Study",NA,"2","Antonetti_2018 Study 2",NA,1,NA,1,NA,1,NA,1,NA,2,3,NA,"Recycling",1,NA,1,NA,1,1,1,4,NA,1,NA,2,1,160,1,NA,NA,NA,NA,77,NA,NA,NA,NA,NA,4,"Cognition PCE",6,"Cognition","Text-only",1,84,5.08,1.15,NA,76,5.36,1.05,NA,NA,NA,NA,NA,NA,NA,NA,NA,NA,NA,NA,0.252494377,0.025261886
"33",34,34,2,"Antonetti_2018",NA,1,NA,1,"British Academy","Study",NA,"2","Antonetti_2018 Study 2",NA,1,NA,1,NA,1,NA,1,NA,2,3,NA,"Recycling",1,NA,1,NA,1,1,1,4,NA,1,NA,2,1,160,1,NA,NA,NA,NA,77,NA,NA,NA,NA,NA,5,"Anticipated guilt",1,NA,"Text-only",1,84,4.89,1.53,NA,76,4.79,1.54,NA,NA,NA,NA,NA,NA,NA,NA,NA,NA,NA,NA,-0.06484712,0.025075798
"34",35,35,2,"Antonetti_2018",NA,1,NA,1,"British Academy","Study",NA,"2","Antonetti_2018 Study 2",NA,1,NA,1,NA,1,NA,1,NA,2,3,NA,"Recycling",1,NA,1,NA,1,1,1,4,NA,1,NA,2,1,160,1,NA,NA,NA,NA,77,NA,NA,NA,NA,NA,6,"Recycling behavior",5,NA,"Text-only",1,84,4.01,1.1,NA,76,3.69,1.37,NA,NA,NA,NA,NA,NA,NA,NA,NA,NA,NA,NA,-0.257763759,0.025270288
"35",36,36,2,"Antonetti_2018",NA,1,NA,1,"British Academy","Study",NA,"2","Antonetti_2018 Study 2",NA,1,NA,1,NA,2,NA,1,NA,2,3,NA,"Recycling",1,NA,1,NA,1,1,1,4,NA,1,NA,2,1,160,1,NA,NA,NA,NA,77,NA,NA,NA,NA,NA,7,"Guilt",1,NA,"Text and image",1,79,2.21,1.43,NA,72,3.16,1.7,NA,NA,NA,NA,NA,NA,NA,NA,NA,NA,NA,NA,0.60416787,0.027755788
"36",37,37,2,"Antonetti_2018",NA,1,NA,1,"British Academy","Study",NA,"2","Antonetti_2018 Study 2",NA,1,NA,1,NA,2,NA,1,NA,2,3,NA,"Recycling",1,NA,1,NA,1,1,1,4,NA,1,NA,2,1,160,1,NA,NA,NA,NA,77,NA,NA,NA,NA,NA,8,"Transportation",6,"Cognition","Text and image",1,79,4.54,1.02,NA,72,4.76,0.92,NA,NA,NA,NA,NA,NA,NA,NA,NA,NA,NA,NA,0.224818722,0.026714479
"37",38,38,2,"Antonetti_2018",NA,1,NA,1,"British Academy","Study",NA,"2","Antonetti_2018 Study 2",NA,1,NA,1,NA,2,NA,1,NA,2,3,NA,"Recycling",1,NA,1,NA,1,1,1,4,NA,1,NA,2,1,160,1,NA,NA,NA,NA,77,NA,NA,NA,NA,NA,9,"Attitude toward recycling",3,NA,"Text and image",1,79,6.04,0.97,NA,72,5.81,1.07,NA,NA,NA,NA,NA,NA,NA,NA,NA,NA,NA,NA,-0.22460048,0.026714154
"38",39,39,2,"Antonetti_2018",NA,1,NA,1,"British Academy","Study",NA,"2","Antonetti_2018 Study 2",NA,1,NA,1,NA,2,NA,1,NA,2,3,NA,"Recycling",1,NA,1,NA,1,1,1,4,NA,1,NA,2,1,160,1,NA,NA,NA,NA,77,NA,NA,NA,NA,NA,10,"Cognition PCE",6,"Cognition","Text and image",1,79,4.84,1.51,NA,72,4.91,1.5,NA,NA,NA,NA,NA,NA,NA,NA,NA,NA,NA,NA,0.046269573,0.026554206
"39",40,40,2,"Antonetti_2018",NA,1,NA,1,"British Academy","Study",NA,"2","Antonetti_2018 Study 2",NA,1,NA,1,NA,2,NA,1,NA,2,3,NA,"Recycling",1,NA,1,NA,1,1,1,4,NA,1,NA,2,1,160,1,NA,NA,NA,NA,77,NA,NA,NA,NA,NA,11,"Anticipated Guilt",1,NA,"Text and image",1,79,4.84,1.51,NA,72,4.91,1.5,NA,NA,NA,NA,NA,NA,NA,NA,NA,NA,NA,NA,0.046269573,0.026554206
"40",41,41,2,"Antonetti_2018",NA,1,NA,1,"British Academy","Study",NA,"2","Antonetti_2018 Study 2",NA,1,NA,1,NA,2,NA,1,NA,2,3,NA,"Recycling",1,NA,1,NA,1,1,1,4,NA,1,NA,2,1,160,1,NA,NA,NA,NA,77,NA,NA,NA,NA,NA,12,"Recycling behavior",5,NA,"Text and image",1,79,4,1.17,NA,72,3.79,1.29,NA,NA,NA,NA,NA,NA,NA,NA,NA,NA,NA,NA,-0.17005813,0.026642878
"41",42,42,1,"Babin_2009",NA,2,NA,1,NA,"Pilot",NA,"1","Babin_2009 Pilot 1",NA,1,NA,1,NA,1,NA,1,NA,2,4,NA,"HPV",2,NA,1,NA,1,1,1,1,NA,1,NA,1,1,120,2,NA,NA,20.87,2.45,0,NA,NA,NA,96,1652,1,"HPV_threat",6,NA,"Personal",NA,28,3.62,0.98,NA,18,3.41,0.93,NA,NA,NA,NA,NA,NA,NA,NA,NA,NA,NA,NA,-0.214774867,0.091771235
"42",43,43,1,"Babin_2009",NA,2,NA,1,NA,"Pilot",NA,"1","Babin_2009 Pilot 1",NA,1,NA,1,NA,1,NA,1,NA,2,4,NA,"HPV",2,NA,1,NA,1,1,1,1,NA,1,NA,1,1,120,2,NA,NA,20.87,2.45,0,NA,NA,NA,96,1652,2,"threat_cervical cancer",6,NA,"Personal",NA,28,3.86,0.88,NA,18,3.63,0.67,NA,NA,NA,NA,NA,NA,NA,NA,NA,NA,NA,NA,-0.280678779,0.092126152
"43",44,44,1,"Babin_2009",NA,2,NA,1,NA,"Pilot",NA,"1","Babin_2009 Pilot 1",NA,1,NA,1,NA,1,NA,1,NA,2,4,NA,"HPV",2,NA,1,NA,1,1,1,1,NA,1,NA,1,1,120,2,NA,NA,20.87,2.45,0,NA,NA,NA,96,1652,3,"efficacy_condom use",6,NA,"Personal",NA,28,4.4,0.91,NA,18,4.42,0.65,NA,NA,NA,NA,NA,NA,NA,NA,NA,NA,NA,NA,0.023989733,0.091276097
"44",45,45,1,"Babin_2009",NA,2,NA,1,NA,"Pilot",NA,"1","Babin_2009 Pilot 1",NA,1,NA,1,NA,1,NA,1,NA,2,4,NA,"HPV",2,NA,1,NA,1,1,1,1,NA,1,NA,1,1,120,2,NA,NA,20.87,2.45,0,NA,NA,NA,96,1652,4,"efficacy_ Cervical Cancer Screening",6,NA,"Personal",NA,28,4.67,0.71,NA,18,4.29,0.74,NA,NA,NA,NA,NA,NA,NA,NA,NA,NA,NA,NA,-0.517471844,0.094180462
"45",46,46,1,"Babin_2009",NA,2,NA,1,NA,"Pilot",NA,"1","Babin_2009 Pilot 1",NA,1,NA,1,NA,1,NA,1,NA,2,4,NA,"HPV",2,NA,1,NA,1,1,1,1,NA,1,NA,1,1,120,2,NA,NA,20.87,2.45,0,NA,NA,NA,96,1652,5,"efficacy_vaccine",6,NA,"Personal",NA,28,4.71,0.66,NA,18,4.08,0.92,NA,NA,NA,NA,NA,NA,NA,NA,NA,NA,NA,NA,-0.803182413,0.098281819
"46",47,47,1,"Babin_2009",NA,2,NA,1,NA,"Pilot",NA,"1","Babin_2009 Pilot 1",NA,1,NA,1,NA,1,NA,1,NA,2,4,NA,"HPV",2,NA,1,NA,1,1,1,1,NA,1,NA,1,1,120,2,NA,NA,20.87,2.45,0,NA,NA,NA,96,1652,6,"Perceived Anticipated Guilt",1,NA,"Personal",NA,28,5.33,0.75,NA,18,4.45,1.13,NA,NA,NA,NA,NA,NA,NA,NA,NA,NA,NA,NA,-0.944516566,0.100966706
"47",48,48,1,"Babin_2009",NA,2,NA,1,NA,"Pilot",NA,"1","Babin_2009 Pilot 1",NA,1,NA,1,NA,1,NA,1,NA,2,4,NA,"HPV",2,NA,1,NA,1,1,1,1,NA,1,NA,1,1,120,2,NA,NA,20.87,2.45,0,NA,NA,NA,96,1652,7,"HPV_threat",6,NA,"impersonal",NA,28,3.62,0.98,NA,26,3.68,1.22,NA,NA,NA,NA,NA,NA,NA,NA,NA,NA,NA,NA,0.053660231,0.074202485
"48",49,49,1,"Babin_2009",NA,2,NA,1,NA,"Pilot",NA,"1","Babin_2009 Pilot 1",NA,1,NA,1,NA,1,NA,1,NA,2,4,NA,"HPV",2,NA,1,NA,1,1,1,1,NA,1,NA,1,1,120,2,NA,NA,20.87,2.45,0,NA,NA,NA,96,1652,8,"threat_cervical cancer",6,NA,"impersonal",NA,28,3.86,0.88,NA,26,3.82,1.02,NA,NA,NA,NA,NA,NA,NA,NA,NA,NA,NA,NA,-0.041499501,0.074191771
"49",50,50,1,"Babin_2009",NA,2,NA,1,NA,"Pilot",NA,"1","Babin_2009 Pilot 1",NA,1,NA,1,NA,1,NA,1,NA,2,4,NA,"HPV",2,NA,1,NA,1,1,1,1,NA,1,NA,1,1,120,2,NA,NA,20.87,2.45,0,NA,NA,NA,96,1652,9,"efficacy_condom use",6,NA,"impersonal",NA,28,4.4,0.91,NA,26,4.91,0.79,NA,NA,NA,NA,NA,NA,NA,NA,NA,NA,NA,NA,0.588242691,0.077379801
"50",51,51,1,"Babin_2009",NA,2,NA,1,NA,"Pilot",NA,"1","Babin_2009 Pilot 1",NA,1,NA,1,NA,1,NA,1,NA,2,4,NA,"HPV",2,NA,1,NA,1,1,1,1,NA,1,NA,1,1,120,2,NA,NA,20.87,2.45,0,NA,NA,NA,96,1652,10,"efficacy_ Cervical Cancer Screening",6,NA,"impersonal",NA,28,4.67,0.71,NA,26,4.39,0.93,NA,NA,NA,NA,NA,NA,NA,NA,NA,NA,NA,NA,-0.33522648,0.07521635
"51",52,52,1,"Babin_2009",NA,2,NA,1,NA,"Pilot",NA,"1","Babin_2009 Pilot 1",NA,1,NA,1,NA,1,NA,1,NA,2,4,NA,"HPV",2,NA,1,NA,1,1,1,1,NA,1,NA,1,1,120,2,NA,NA,20.87,2.45,0,NA,NA,NA,96,1652,11,"efficacy_vaccine",6,NA,"impersonal",NA,28,4.71,0.66,NA,26,4.38,0.76,NA,NA,NA,NA,NA,NA,NA,NA,NA,NA,NA,NA,-0.458152097,0.076119374
"52",53,53,1,"Babin_2009",NA,2,NA,1,NA,"Pilot",NA,"1","Babin_2009 Pilot 1",NA,1,NA,1,NA,1,NA,1,NA,2,4,NA,"HPV",2,NA,1,NA,1,1,1,1,NA,1,NA,1,1,120,2,NA,NA,20.87,2.45,0,NA,NA,NA,96,1652,12,"Perceived Anticipated Guilt",1,NA,"impersonal",NA,28,5.33,0.75,NA,26,4.82,0.79,NA,NA,NA,NA,NA,NA,NA,NA,NA,NA,NA,NA,-0.65316313,0.078126029
"53",54,54,1,"Babin_2009",NA,2,NA,1,NA,"Pilot",NA,"2","Babin_2009 Pilot 2",NA,1,NA,1,NA,1,NA,1,NA,1,4,NA,"HPV",1,NA,1,NA,1,1,1,1,NA,1,NA,1,1,142,2,NA,NA,21.09,3.48,0,NA,NA,NA,100,NA,1,"HPV_threat",6,NA,"Personal",NA,18,3.23,0.68,NA,24,3.28,1.03,NA,NA,NA,NA,NA,NA,NA,NA,NA,NA,NA,NA,0.054623107,0.097257742
"54",55,55,1,"Babin_2009",NA,2,NA,1,NA,"Pilot",NA,"2","Babin_2009 Pilot 2",NA,1,NA,1,NA,1,NA,1,NA,1,4,NA,"HPV",1,NA,1,NA,1,1,1,1,NA,1,NA,1,1,142,2,NA,NA,21.09,3.48,0,NA,NA,NA,100,NA,2,"threat_cervical cancer",6,NA,"Personal",NA,18,3.58,0.9,NA,24,3.59,0.88,NA,NA,NA,NA,NA,NA,NA,NA,NA,NA,NA,NA,0.01104166,0.097223674
"55",56,56,1,"Babin_2009",NA,2,NA,1,NA,"Pilot",NA,"2","Babin_2009 Pilot 2",NA,1,NA,1,NA,1,NA,1,NA,1,4,NA,"HPV",1,NA,1,NA,1,1,1,1,NA,1,NA,1,1,142,2,NA,NA,21.09,3.48,0,NA,NA,NA,100,NA,3,"efficacy_condom use",6,NA,"Personal",NA,18,4.37,0.82,NA,24,4.39,1,NA,NA,NA,NA,NA,NA,NA,NA,NA,NA,NA,NA,0.021149744,0.097227547
"56",57,57,1,"Babin_2009",NA,2,NA,1,NA,"Pilot",NA,"2","Babin_2009 Pilot 2",NA,1,NA,1,NA,1,NA,1,NA,1,4,NA,"HPV",1,NA,1,NA,1,1,1,1,NA,1,NA,1,1,142,2,NA,NA,21.09,3.48,0,NA,NA,NA,100,NA,4,"efficacy_ Cervical Cancer Screening",6,NA,"Personal",NA,18,4.43,0.69,NA,24,4.36,0.83,NA,NA,NA,NA,NA,NA,NA,NA,NA,NA,NA,NA,-0.088776731,0.097316047
"57",58,58,1,"Babin_2009",NA,2,NA,1,NA,"Pilot",NA,"2","Babin_2009 Pilot 2",NA,1,NA,1,NA,1,NA,1,NA,1,4,NA,"HPV",1,NA,1,NA,1,1,1,1,NA,1,NA,1,1,142,2,NA,NA,21.09,3.48,0,NA,NA,NA,100,NA,5,"efficacy_vaccine",6,NA,"Personal",NA,18,4.47,0.58,NA,24,4.26,0.85,NA,NA,NA,NA,NA,NA,NA,NA,NA,NA,NA,NA,-0.27571624,0.098127216
"58",59,59,1,"Babin_2009",NA,2,NA,1,NA,"Pilot",NA,"2","Babin_2009 Pilot 2",NA,1,NA,1,NA,1,NA,1,NA,1,4,NA,"HPV",1,NA,1,NA,1,1,1,1,NA,1,NA,1,1,142,2,NA,NA,21.09,3.48,0,NA,NA,NA,100,NA,6,"Perceived Anticipated Guilt",1,NA,"Personal",NA,18,5.19,0.67,NA,24,5.05,0.72,NA,NA,NA,NA,NA,NA,NA,NA,NA,NA,NA,NA,-0.196450594,0.097681661
"59",60,60,1,"Babin_2009",NA,2,NA,1,NA,"Pilot",NA,"2","Babin_2009 Pilot 2",NA,1,NA,1,NA,1,NA,1,NA,1,4,NA,"HPV",1,NA,1,NA,1,1,1,1,NA,1,NA,1,1,142,2,NA,NA,21.09,3.48,0,NA,NA,NA,100,NA,7,"HPV_threat",6,NA,"impersonal",NA,18,3.23,0.68,NA,20,3.33,1,NA,NA,NA,NA,NA,NA,NA,NA,NA,NA,NA,NA,0.113337302,0.105724573
"60",61,61,1,"Babin_2009",NA,2,NA,1,NA,"Pilot",NA,"2","Babin_2009 Pilot 2",NA,1,NA,1,NA,1,NA,1,NA,1,4,NA,"HPV",1,NA,1,NA,1,1,1,1,NA,1,NA,1,1,142,2,NA,NA,21.09,3.48,0,NA,NA,NA,100,NA,8,"threat_cervical cancer",6,NA,"impersonal",NA,18,3.58,0.9,NA,20,3.49,0.99,NA,NA,NA,NA,NA,NA,NA,NA,NA,NA,NA,NA,-0.092887364,0.105669083
"61",62,62,1,"Babin_2009",NA,2,NA,1,NA,"Pilot",NA,"2","Babin_2009 Pilot 2",NA,1,NA,1,NA,1,NA,1,NA,1,4,NA,"HPV",1,NA,1,NA,1,1,1,1,NA,1,NA,1,1,142,2,NA,NA,21.09,3.48,0,NA,NA,NA,100,NA,9,"efficacy_condom use",6,NA,"impersonal",NA,18,4.37,0.82,NA,20,4.36,1.01,NA,NA,NA,NA,NA,NA,NA,NA,NA,NA,NA,NA,-0.010581993,0.105557029
"62",63,63,1,"Babin_2009",NA,2,NA,1,NA,"Pilot",NA,"2","Babin_2009 Pilot 2",NA,1,NA,1,NA,1,NA,1,NA,1,4,NA,"HPV",1,NA,1,NA,1,1,1,1,NA,1,NA,1,1,142,2,NA,NA,21.09,3.48,0,NA,NA,NA,100,NA,10,"efficacy_ Cervical Cancer Screening",6,NA,"impersonal",NA,18,4.43,0.69,NA,20,4.36,1.05,NA,NA,NA,NA,NA,NA,NA,NA,NA,NA,NA,NA,-0.076299748,0.105632156
"63",64,64,1,"Babin_2009",NA,2,NA,1,NA,"Pilot",NA,"2","Babin_2009 Pilot 2",NA,1,NA,1,NA,1,NA,1,NA,1,4,NA,"HPV",1,NA,1,NA,1,1,1,1,NA,1,NA,1,1,142,2,NA,NA,21.09,3.48,0,NA,NA,NA,100,NA,11,"efficacy_vaccine",6,NA,"impersonal",NA,18,4.47,0.58,NA,20,4.49,1.02,NA,NA,NA,NA,NA,NA,NA,NA,NA,NA,NA,NA,0.023270627,0.105562681
"64",65,65,1,"Babin_2009",NA,2,NA,1,NA,"Pilot",NA,"2","Babin_2009 Pilot 2",NA,1,NA,1,NA,1,NA,1,NA,1,4,NA,"HPV",1,NA,1,NA,1,1,1,1,NA,1,NA,1,1,142,2,NA,NA,21.09,3.48,0,NA,NA,NA,100,NA,12,"Perceived Anticipated Guilt",1,NA,"impersonal",NA,18,5.19,0.67,NA,20,5.11,0.85,NA,NA,NA,NA,NA,NA,NA,NA,NA,NA,NA,NA,-0.101679617,0.105691592
"65",66,66,1,"Babin_2009",NA,2,NA,1,NA,"Main study",NA,NA,"Babin_2009 Main study",NA,1,NA,1,NA,1,NA,1,NA,1,4,NA,"hpv",1,NA,1,NA,1,1,1,1,NA,1,NA,1,1,311,2,NA,NA,20.05,2.24,0,NA,NA,NA,233,NA,1,"HPV_threat",6,NA,"Personal",NA,59,3.37,0.93,NA,65,3.58,0.92,NA,NA,NA,NA,NA,NA,NA,NA,NA,NA,NA,NA,0.22568473,0.032539145
"66",67,67,1,"Babin_2009",NA,2,NA,1,NA,"Main study",NA,NA,"Babin_2009 Main study",NA,1,NA,1,NA,1,NA,1,NA,1,4,NA,"hpv",1,NA,1,NA,1,1,1,1,NA,1,NA,1,1,311,2,NA,NA,20.05,2.24,0,NA,NA,NA,233,NA,2,"threat_cervical cancer",6,NA,"Personal",NA,59,3.37,0.93,NA,65,3.58,0.92,NA,NA,NA,NA,NA,NA,NA,NA,NA,NA,NA,NA,0.22568473,0.032539145
"67",68,68,1,"Babin_2009",NA,2,NA,1,NA,"Main study",NA,NA,"Babin_2009 Main study",NA,1,NA,1,NA,1,NA,1,NA,1,4,NA,"hpv",1,NA,1,NA,1,1,1,1,NA,1,NA,1,1,311,2,NA,NA,20.05,2.24,0,NA,NA,NA,233,NA,3,"efficacy_condom use",6,NA,"Personal",NA,59,4.42,0.87,NA,65,4.64,0.7,NA,NA,NA,NA,NA,NA,NA,NA,NA,NA,NA,NA,0.278378307,0.032646246
"68",69,69,1,"Babin_2009",NA,2,NA,1,NA,"Main study",NA,NA,"Babin_2009 Main study",NA,1,NA,1,NA,1,NA,1,NA,1,4,NA,"hpv",1,NA,1,NA,1,1,1,1,NA,1,NA,1,1,311,2,NA,NA,20.05,2.24,0,NA,NA,NA,233,NA,4,"efficacy_ Cervical Cancer Screening",6,NA,"Personal",NA,59,4.25,0.82,NA,65,4.18,0.91,NA,NA,NA,NA,NA,NA,NA,NA,NA,NA,NA,NA,-0.080113404,0.032359648
"69",70,70,1,"Babin_2009",NA,2,NA,1,NA,"Main study",NA,NA,"Babin_2009 Main study",NA,1,NA,1,NA,1,NA,1,NA,1,4,NA,"hpv",1,NA,1,NA,1,1,1,1,NA,1,NA,1,1,311,2,NA,NA,20.05,2.24,0,NA,NA,NA,233,NA,5,"efficacy_vaccine",6,NA,"Personal",NA,59,4.16,0.92,NA,65,4.13,0.95,NA,NA,NA,NA,NA,NA,NA,NA,NA,NA,NA,NA,-0.031858619,0.032337861
"70",71,71,1,"Babin_2009",NA,2,NA,1,NA,"Main study",NA,NA,"Babin_2009 Main study",NA,1,NA,1,NA,1,NA,1,NA,1,4,NA,"hpv",1,NA,1,NA,1,1,1,1,NA,1,NA,1,1,311,2,NA,NA,20.05,2.24,0,NA,NA,NA,233,NA,6,"Perceived Anticipated Guilt",1,NA,"Personal",NA,59,5.04,0.68,NA,65,5.06,0.72,NA,NA,NA,NA,NA,NA,NA,NA,NA,NA,NA,NA,0.028344013,0.032337007
"71",72,72,1,"Babin_2009",NA,2,NA,1,NA,"Main study",NA,NA,"Babin_2009 Main study",NA,1,NA,1,NA,1,NA,1,NA,1,4,NA,"hpv",1,NA,1,NA,1,1,1,1,NA,1,NA,1,1,311,2,NA,NA,20.05,2.24,0,NA,NA,NA,233,NA,7,"HPV_threat",6,NA,"Personal",NA,59,3.37,0.93,NA,66,3.42,1,NA,NA,NA,NA,NA,NA,NA,NA,NA,NA,NA,NA,0.051357188,0.032111218
"72",73,73,1,"Babin_2009",NA,2,NA,1,NA,"Main study",NA,NA,"Babin_2009 Main study",NA,1,NA,1,NA,1,NA,1,NA,1,4,NA,"hpv",1,NA,1,NA,1,1,1,1,NA,1,NA,1,1,311,2,NA,NA,20.05,2.24,0,NA,NA,NA,233,NA,8,"threat_cervical cancer",6,NA,"Personal",NA,59,3.37,0.93,NA,66,3.35,1.05,NA,NA,NA,NA,NA,NA,NA,NA,NA,NA,NA,NA,-0.01997325,0.032102263
"73",74,74,1,"Babin_2009",NA,2,NA,1,NA,"Main study",NA,NA,"Babin_2009 Main study",NA,1,NA,1,NA,1,NA,1,NA,1,4,NA,"hpv",1,NA,1,NA,1,1,1,1,NA,1,NA,1,1,311,2,NA,NA,20.05,2.24,0,NA,NA,NA,233,NA,9,"efficacy_condom use",6,NA,"Personal",NA,59,4.42,0.87,NA,66,4.52,0.86,NA,NA,NA,NA,NA,NA,NA,NA,NA,NA,NA,NA,0.114936235,0.032153509
"74",75,75,1,"Babin_2009",NA,2,NA,1,NA,"Main study",NA,NA,"Babin_2009 Main study",NA,1,NA,1,NA,1,NA,1,NA,1,4,NA,"hpv",1,NA,1,NA,1,1,1,1,NA,1,NA,1,1,311,2,NA,NA,20.05,2.24,0,NA,NA,NA,233,NA,10,"efficacy_ Cervical Cancer Screening",6,NA,"Personal",NA,59,4.25,0.82,NA,66,4.24,0.8,NA,NA,NA,NA,NA,NA,NA,NA,NA,NA,NA,NA,-0.012277915,0.032101271
"75",76,76,1,"Babin_2009",NA,2,NA,1,NA,"Main study",NA,NA,"Babin_2009 Main study",NA,1,NA,1,NA,1,NA,1,NA,1,4,NA,"hpv",1,NA,1,NA,1,1,1,1,NA,1,NA,1,1,311,2,NA,NA,20.05,2.24,0,NA,NA,NA,233,NA,11,"efficacy_vaccine",6,NA,"Personal",NA,59,4.16,0.92,NA,66,4.16,0.86,NA,NA,NA,NA,NA,NA,NA,NA,NA,NA,NA,NA,0,0.032100668
"76",77,77,1,"Babin_2009",NA,2,NA,1,NA,"Main study",NA,NA,"Babin_2009 Main study",NA,1,NA,1,NA,1,NA,1,NA,1,4,NA,"hpv",1,NA,1,NA,1,1,1,1,NA,1,NA,1,1,311,2,NA,NA,20.05,2.24,0,NA,NA,NA,233,NA,12,"Perceived Anticipated Guilt",1,NA,"Personal",NA,59,5.04,0.68,NA,66,4.91,0.98,NA,NA,NA,NA,NA,NA,NA,NA,NA,NA,NA,NA,-0.151684392,0.0321927
"77",78,78,2,"Basil_2006",NA,1,NA,5,"University",NA,NA,NA,"Basil_2006",NA,1,NA,1,NA,2,NA,1,NA,2,2,NA,"Charitable donation",1,NA,2,NA,1,1,2,4,NA,1,NA,1,10,40,2,NA,NA,NA,NA,NA,NA,NA,NA,NA,NA,1,"Responsibility",3,NA,NA,1,20,3,NA,NA,20,4.02,NA,NA,NA,NA,4.62,39,NA,NA,NA,NA,NA,NA,NA,1.449865,0.1254354
"78",79,79,2,"Basil_2006",NA,1,NA,5,"University",NA,NA,NA,"Basil_2006",NA,1,NA,1,NA,2,NA,1,NA,2,2,NA,"Charitable donation",1,NA,2,NA,1,1,2,4,NA,1,NA,1,10,40,2,NA,NA,NA,NA,NA,NA,NA,NA,NA,NA,2,"Intent to donate",4,NA,NA,1,20,3.1,NA,NA,20,3.8,NA,NA,8.3,"1, 158",NA,NA,NA,NA,NA,NA,NA,NA,NA,2.876247,1.022737
"79",80,80,2,"Basil_2006",NA,1,NA,5,"University",NA,NA,NA,"Basil_2006",NA,1,NA,1,NA,2,NA,1,NA,2,2,NA,"Charitable donation",1,NA,2,NA,1,1,2,4,NA,1,NA,1,10,40,2,NA,NA,NA,NA,NA,NA,NA,NA,NA,NA,3,"guilt",1,NA,NA,NA,NA,NA,NA,NA,NA,NA,NA,NA,NA,NA,5.89,39,NA,NA,NA,NA,NA,NA,NA,1.848421,0.1422886
"80",81,81,2,"Boster_1999",NA,1,NA,1,NA,NA,NA,NA,"Boster_1999",NA,1,NA,1,NA,9,"Conversation",4,"Conversation",2,1,NA,"Participate in research",2,NA,2,NA,1,2,1,4,NA,1,NA,1,1,61,2,NA,NA,22,11.83,42,NA,NA,NA,48,NA,1,"Guilt",1,NA,"Direct request",1,15,5.47,1.64,NA,15,4.73,2.02,NA,NA,NA,NA,NA,NA,NA,NA,NA,NA,NA,NA,-0.391322593,0.135885556
"81",82,82,2,"Boster_1999",NA,1,NA,1,NA,NA,NA,NA,"Boster_1999",NA,1,NA,1,NA,9,"Conversation",4,"Conversation",2,1,NA,"Participate in research",2,NA,2,NA,1,2,1,4,NA,1,NA,1,1,61,2,NA,NA,22,11.83,42,NA,NA,NA,48,NA,2,"Affect",6,"Emotion","Direct Request",1,15,11.67,3.18,NA,15,10.2,3.28,NA,NA,NA,NA,NA,NA,NA,NA,NA,NA,NA,NA,-0.442736496,0.13660026
"82",83,83,2,"Boster_1999",NA,1,NA,1,NA,NA,NA,NA,"Boster_1999",NA,1,NA,1,NA,9,"Conversation",4,"Conversation",2,1,NA,"Participate in research",2,NA,2,NA,1,2,1,4,NA,1,NA,1,1,61,2,NA,NA,22,11.83,42,NA,NA,NA,48,NA,3,"Cognition",6,"Cognition","Direct request",1,15,10.07,3.73,NA,15,11.27,3.63,NA,NA,NA,NA,NA,NA,NA,NA,NA,NA,NA,NA,0.317231192,0.135010594
"83",84,84,2,"Boster_1999",NA,1,NA,1,NA,NA,NA,NA,"Boster_1999",NA,1,NA,1,NA,9,"Conversation",4,"Conversation",2,1,NA,"Participate in research",2,NA,2,NA,1,2,1,4,NA,1,NA,1,1,61,2,NA,NA,22,11.83,42,NA,NA,NA,48,NA,4,"Compliance",5,NA,"Direct request",1,15,0.69,0.48,NA,15,0.93,0.28,NA,NA,NA,NA,NA,NA,NA,NA,NA,NA,NA,NA,0.594251289,0.13921891
"84",85,85,2,"Boster_1999",NA,1,NA,1,NA,NA,NA,NA,"Boster_1999",NA,1,NA,1,NA,9,"Conversation",4,"Conversation",2,1,NA,"Participate in research",2,NA,2,NA,1,2,1,4,NA,1,NA,1,1,61,2,NA,NA,22,11.83,42,NA,NA,NA,48,NA,5,"Friends",3,NA,"Direct request",1,15,0.88,1.5,NA,15,0.93,1.4,NA,NA,NA,NA,NA,NA,NA,NA,NA,NA,NA,NA,0.033529455,0.13335207
"85",86,86,2,"Boster_1999",NA,1,NA,1,NA,NA,NA,NA,"Boster_1999",NA,1,NA,1,NA,9,"Conversation",4,"Conversation",2,1,NA,"Participate in research",2,NA,2,NA,1,2,1,4,NA,1,NA,1,1,61,2,NA,NA,22,11.83,42,NA,NA,NA,48,NA,6,"Relief",6,"Emotion","Direct request",1,15,13.33,5.23,NA,15,13.4,3.22,NA,NA,NA,NA,NA,NA,NA,NA,NA,NA,NA,NA,0.015682029,0.133337432
"86",87,87,2,"Boster_1999",NA,1,NA,1,NA,NA,NA,NA,"Boster_1999",NA,1,NA,1,NA,9,"Conversation",4,"Conversation",2,1,NA,"Participate in research",2,NA,2,NA,1,2,1,4,NA,1,NA,1,1,61,2,NA,NA,22,11.83,42,NA,NA,NA,48,NA,7,"Guilt",1,NA,"Positive self-feeling",1,15,6.15,1.21,NA,15,4.33,2.16,NA,NA,NA,NA,NA,NA,NA,NA,NA,NA,NA,NA,-1.011461403,0.150384236
"87",88,88,2,"Boster_1999",NA,1,NA,1,NA,NA,NA,NA,"Boster_1999",NA,1,NA,1,NA,9,"Conversation",4,"Conversation",2,1,NA,"Participate in research",2,NA,2,NA,1,2,1,4,NA,1,NA,1,1,61,2,NA,NA,22,11.83,42,NA,NA,NA,48,NA,8,"Affect",6,"Emotion","Positive self-feeling",1,15,11.77,2.77,NA,15,7.6,3.46,NA,NA,NA,NA,NA,NA,NA,NA,NA,NA,NA,NA,-1.294532929,0.161263592
"88",89,89,2,"Boster_1999",NA,1,NA,1,NA,NA,NA,NA,"Boster_1999",NA,1,NA,1,NA,9,"Conversation",4,"Conversation",2,1,NA,"Participate in research",2,NA,2,NA,1,2,1,4,NA,1,NA,1,1,61,2,NA,NA,22,11.83,42,NA,NA,NA,48,NA,9,"Cognition",6,"Cognition","Positive self-feeling",1,15,10.77,3.85,NA,15,10.13,3.18,NA,NA,NA,NA,NA,NA,NA,NA,NA,NA,NA,NA,-0.176349282,0.133851651
"89",90,90,2,"Boster_1999",NA,1,NA,1,NA,NA,NA,NA,"Boster_1999",NA,1,NA,1,NA,9,"Conversation",4,"Conversation",2,1,NA,"Participate in research",2,NA,2,NA,1,2,1,4,NA,1,NA,1,1,61,2,NA,NA,22,11.83,42,NA,NA,NA,48,NA,10,"Friends",3,NA,"Positive self-feeling",1,15,0.5,1,NA,15,1.69,1.45,NA,NA,NA,NA,NA,NA,NA,NA,NA,NA,NA,NA,0.929583921,0.147735438
"90",91,91,2,"Boster_1999",NA,1,NA,1,NA,NA,NA,NA,"Boster_1999",NA,1,NA,1,NA,9,"Conversation",4,"Conversation",2,1,NA,"Participate in research",2,NA,2,NA,1,2,1,4,NA,1,NA,1,1,61,2,NA,NA,22,11.83,42,NA,NA,NA,48,NA,11,"Relief",6,"Emotion","Positive self-feeling",1,15,14.85,5.13,NA,15,11.2,3.67,NA,NA,NA,NA,NA,NA,NA,NA,NA,NA,NA,NA,-0.796207664,0.143899111
"91",92,92,2,"Boster_1999",NA,1,NA,1,NA,NA,NA,NA,"Boster_1999",NA,1,NA,1,NA,9,"Conversation",4,"Conversation",2,1,NA,"Participate in research",2,NA,2,NA,1,2,1,4,NA,1,NA,1,1,61,2,NA,NA,22,11.83,42,NA,NA,NA,48,NA,12,"Compliance",5,NA,"Positive self-feeling",1,15,0.57,0.51,NA,15,0.88,0.34,NA,NA,NA,NA,NA,NA,NA,NA,NA,NA,NA,NA,0.695886855,0.141404309
"92",93,93,2,"Chang_2011",NA,1,NA,2,NA,"Study",NA,"1","Chang_2011 Study 1",NA,3,"Taiwan",1,NA,2,NA,1,NA,2,2,NA,"Donation",1,NA,2,NA,3,1,1,4,NA,1,NA,1,1,820,1,NA,NA,40.1,5.65,435,NA,NA,NA,NA,NA,1,"Attitudes toward the sponsoring firm",3,NA,"Low donation magnitude, practical product",1,68,4.01,0.93,NA,68,5.05,1.05,NA,NA,NA,NA,NA,NA,NA,NA,NA,NA,NA,NA,1.042699318,0.033408904
"93",94,94,2,"Chang_2011",NA,1,NA,2,NA,"Study",NA,"1","Chang_2011 Study 1",NA,3,"Taiwan",1,NA,2,NA,1,NA,2,2,NA,"Donation",1,NA,2,NA,3,1,1,4,NA,1,NA,1,1,820,1,NA,NA,40.1,5.65,435,NA,NA,NA,NA,NA,2,"Attitudes toward the sponsoring firm",3,NA,"Low donation magnitude, hedonic product",1,68,5.1,1.08,NA,68,4.35,1.22,NA,NA,NA,NA,NA,NA,NA,NA,NA,NA,NA,NA,-0.647317641,0.03095228
"94",95,95,2,"Chang_2011",NA,1,NA,2,NA,"Study",NA,"1","Chang_2011 Study 1",NA,3,"Taiwan",1,NA,2,NA,1,NA,2,2,NA,"Donation",1,NA,2,NA,3,1,1,4,NA,1,NA,1,1,820,1,NA,NA,40.1,5.65,435,NA,NA,NA,NA,NA,3,"Attitudes toward the sponsoring firm",3,NA,"Low donation magnitude, product containing both practical and hedonic value",1,68,4.91,1.18,NA,68,5.23,0.98,NA,NA,NA,NA,NA,NA,NA,NA,NA,NA,NA,NA,0.29337936,0.029728204
"95",96,96,2,"Chang_2011",NA,1,NA,2,NA,"Study",NA,"1","Chang_2011 Study 1",NA,3,"Taiwan",1,NA,2,NA,1,NA,2,2,NA,"Donation",1,NA,2,NA,3,1,1,4,NA,1,NA,1,1,820,1,NA,NA,40.1,5.65,435,NA,NA,NA,NA,NA,4,"Purchase intention",4,NA,"Low donation magnitude, practical product",1,68,4.23,1.33,NA,68,5.3,1.26,NA,NA,NA,NA,NA,NA,NA,NA,NA,NA,NA,NA,0.82132026,0.03189179
"96",97,97,2,"Chang_2011",NA,1,NA,2,NA,"Study",NA,"1","Chang_2011 Study 1",NA,3,"Taiwan",1,NA,2,NA,1,NA,2,2,NA,"Donation",1,NA,2,NA,3,1,1,4,NA,1,NA,1,1,820,1,NA,NA,40.1,5.65,435,NA,NA,NA,NA,NA,5,"Purchase Intention",4,NA,"Low donation magnitude, hedonic product",1,68,4.91,1.15,NA,68,3.98,1.27,NA,NA,NA,NA,NA,NA,NA,NA,NA,NA,NA,NA,-0.763345918,0.031554033
"97",98,98,2,"Chang_2011",NA,1,NA,2,NA,"Study",NA,"1","Chang_2011 Study 1",NA,3,"Taiwan",1,NA,2,NA,1,NA,2,2,NA,"Donation",1,NA,2,NA,3,1,1,4,NA,1,NA,1,1,820,1,NA,NA,40.1,5.65,435,NA,NA,NA,NA,NA,6,"Purchase intention",4,NA,"Low donation magnitude, product containing both practical and hedonic value",1,68,4.69,1.12,NA,68,5.45,1.05,NA,NA,NA,NA,NA,NA,NA,NA,NA,NA,NA,NA,0.696169669,0.031193574
"98",99,99,2,"Chang_2011",NA,1,NA,2,NA,"Study",NA,"1","Chang_2011 Study 1",NA,3,"Taiwan",1,NA,2,NA,1,NA,2,2,NA,"Donation",1,NA,2,NA,3,1,1,4,NA,1,NA,1,1,820,1,NA,NA,40.1,5.65,435,NA,NA,NA,NA,NA,7,"Attitudes toward the sponsoring firm",3,NA,"High donation magnitude, practical product",1,68,3.33,1.02,NA,68,4.71,0.93,NA,NA,NA,NA,NA,NA,NA,NA,NA,NA,NA,NA,1.405948739,0.036679014
"99",100,100,2,"Chang_2011",NA,1,NA,2,NA,"Study",NA,"1","Chang_2011 Study 1",NA,3,"Taiwan",1,NA,2,NA,1,NA,2,2,NA,"Donation",1,NA,2,NA,3,1,1,4,NA,1,NA,1,1,820,1,NA,NA,40.1,5.65,435,NA,NA,NA,NA,NA,8,"Attitudes toward the sponsoring firm",3,NA,"High donation magnitude, hedonic product",1,68,3.75,1.13,NA,68,3.93,1.08,NA,NA,NA,NA,NA,NA,NA,NA,NA,NA,NA,NA,0.161940767,0.029508179
"100",101,101,2,"Chang_2011",NA,1,NA,2,NA,"Study",NA,"1","Chang_2011 Study 1",NA,3,"Taiwan",1,NA,2,NA,1,NA,2,2,NA,"Donation",1,NA,2,NA,3,1,1,4,NA,1,NA,1,1,820,1,NA,NA,40.1,5.65,435,NA,NA,NA,NA,NA,9,"Attitudes toward the sponsoring firm",3,NA,"High donation magnitude, product containing both practical and hedonic value",1,68,3.26,1.18,NA,68,3.28,1.15,NA,NA,NA,NA,NA,NA,NA,NA,NA,NA,NA,NA,0.017069671,0.029412836
"101",102,102,2,"Chang_2011",NA,1,NA,2,NA,"Study",NA,"1","Chang_2011 Study 1",NA,3,"Taiwan",1,NA,2,NA,1,NA,2,2,NA,"Donation",1,NA,2,NA,3,1,1,4,NA,1,NA,1,1,820,1,NA,NA,40.1,5.65,435,NA,NA,NA,NA,NA,10,"Purchase intention",4,NA,"High donation magnitude, practical product",1,68,3.17,1.15,NA,68,4.47,1.42,NA,NA,NA,NA,NA,NA,NA,NA,NA,NA,NA,NA,1.000492253,0.033091856
"102",103,103,2,"Chang_2011",NA,1,NA,2,NA,"Study",NA,"1","Chang_2011 Study 1",NA,3,"Taiwan",1,NA,2,NA,1,NA,2,2,NA,"Donation",1,NA,2,NA,3,1,1,4,NA,1,NA,1,1,820,1,NA,NA,40.1,5.65,435,NA,NA,NA,NA,NA,11,"Purchase intention",4,NA,"High donation magnitude, hedonic product",1,68,3.41,1.06,NA,68,3.45,1.34,NA,NA,NA,NA,NA,NA,NA,NA,NA,NA,NA,NA,0.032923057,0.02941575
"103",104,104,2,"Chang_2011",NA,1,NA,2,NA,"Study",NA,"1","Chang_2011 Study 1",NA,3,"Taiwan",1,NA,2,NA,1,NA,2,2,NA,"Donation",1,NA,2,NA,3,1,1,4,NA,1,NA,1,1,820,1,NA,NA,40.1,5.65,435,NA,NA,NA,NA,NA,12,"Purchase intention",4,NA,"High donation magnitude, product containing both practical and hedonic value",1,68,3.02,1.14,NA,68,3.78,1.08,NA,NA,NA,NA,NA,NA,NA,NA,NA,NA,NA,NA,0.680595605,0.031114744
"104",105,105,2,"Chang_2011",NA,1,NA,2,NA,"Study",NA,"1","Chang_2011 Study 1",NA,3,"Taiwan",1,NA,2,NA,1,NA,2,2,NA,"Donation",1,NA,2,NA,3,1,1,4,NA,1,NA,1,1,820,1,NA,NA,40.1,5.65,435,NA,NA,NA,NA,NA,13,"guilt",1,NA,NA,NA,410,3.61,NA,NA,410,4.38,NA,NA,NA,NA,7.91,819,NA,NA,NA,NA,NA,NA,NA,0.5522883,0.00506126
"105",106,106,2,"Chang_2012",NA,1,NA,1,NA,"Study",NA,"1","Chang_2012 Study 1",NA,3,"China",2,"Chinese",1,NA,1,NA,2,3,NA,"Reusable chopsticks",2,NA,1,NA,1,1,1,5,NA,1,NA,1,1,560,3,NA,NA,28,NA,NA,NA,NA,NA,NA,NA,1,"Attitude",3,NA,"Low environmental consciousness, low proximity issue",1,70,4.3,1.03,NA,70,4.2,1.22,NA,34.35,"1, 297",NA,NA,NA,NA,NA,NA,NA,NA,NA,-0.088091248,0.028599143
"106",107,107,2,"Chang_2012",NA,1,NA,1,NA,"Study",NA,"1","Chang_2012 Study 1",NA,3,"China",2,"Chinese",1,NA,1,NA,2,3,NA,"Reusable chopsticks",2,NA,1,NA,1,1,1,5,NA,1,NA,1,1,560,3,NA,NA,28,NA,NA,NA,NA,NA,NA,NA,3,"Behavioral Intention",4,NA,"Low environmental consciousness, low proximity issue",1,70,3.9,0.96,NA,70,3.96,1.15,NA,26.46,"1, 297",NA,NA,NA,NA,NA,NA,NA,NA,NA,0.056334363,0.028582763
"107",108,108,2,"Chang_2012",NA,1,NA,1,NA,"Study",NA,"1","Chang_2012 Study 1",NA,3,"China",2,"Chinese",1,NA,1,NA,2,3,NA,"Reusable chopsticks",2,NA,1,NA,1,1,1,5,NA,1,NA,1,1,560,3,NA,NA,28,NA,NA,NA,NA,NA,NA,NA,4,"Behavioral Intention",4,NA,"Low environmental consciousness, high proximity issue",1,70,4.26,1.15,NA,70,4.74,1.15,NA,26.46,"1, 297",NA,NA,NA,NA,NA,NA,NA,NA,NA,0.415118068,0.029186868
"108",109,109,2,"Chang_2012",NA,1,NA,1,NA,"Study",NA,"1","Chang_2012 Study 1",NA,3,"China",2,"Chinese",1,NA,1,NA,2,3,NA,"Reusable chopsticks",2,NA,1,NA,1,1,1,5,NA,1,NA,1,1,560,3,NA,NA,28,NA,NA,NA,NA,NA,NA,NA,5,"Attitudes",3,NA,"High environmental consciousness, low proximity issue",1,70,3.6,1.89,NA,70,4.83,1.02,NA,34.35,"1, 297",NA,NA,NA,NA,NA,NA,NA,NA,NA,0.805527106,0.030888835
"109",110,110,2,"Chang_2012",NA,1,NA,1,NA,"Study",NA,"1","Chang_2012 Study 1",NA,3,"China",2,"Chinese",1,NA,1,NA,2,3,NA,"Reusable chopsticks",2,NA,1,NA,1,1,1,5,NA,1,NA,1,1,560,3,NA,NA,28,NA,NA,NA,NA,NA,NA,NA,6,"Attitudes",3,NA,"High environmental consciousness, High proximity issue",1,70,5.17,1.19,NA,70,4.77,1.2,NA,34.35,"1, 297",NA,NA,NA,NA,NA,NA,NA,NA,NA,-0.332902092,0.028967228
"110",111,111,2,"Chang_2012",NA,1,NA,1,NA,"Study",NA,"1","Chang_2012 Study 1",NA,3,"China",2,"Chinese",1,NA,1,NA,2,3,NA,"Reusable chopsticks",2,NA,1,NA,1,1,1,5,NA,1,NA,1,1,560,3,NA,NA,28,NA,NA,NA,NA,NA,NA,NA,7,"Behavioral Intention",4,NA,"High environmental consciousness, low proximity issue",1,70,3.19,1.52,NA,70,4.34,0.93,NA,26.46,"1, 297",NA,NA,NA,NA,NA,NA,NA,NA,NA,0.907713293,0.031514084
"111",112,112,2,"Chang_2012",NA,1,NA,1,NA,"Study",NA,"1","Chang_2012 Study 1",NA,3,"China",2,"Chinese",1,NA,1,NA,2,3,NA,"Reusable chopsticks",2,NA,1,NA,1,1,1,5,NA,1,NA,1,1,560,3,NA,NA,28,NA,NA,NA,NA,NA,NA,NA,8,"Behavioral Intention",4,NA,"High environmental consciousness, High proximity issue",1,70,4.97,1.69,NA,70,4.14,1.08,NA,26.46,"1, 297",NA,NA,NA,NA,NA,NA,NA,NA,NA,-0.582067436,0.029781437
"112",113,113,2,"Chang_2012",NA,1,NA,1,NA,"Study",NA,"2","Chang_2012 Study 2",NA,1,NA,1,NA,2,NA,1,NA,2,3,NA,"Printer",1,NA,1,NA,1,1,1,5,"Self",1,NA,1,1,597,2,NA,NA,26,2.78,322,NA,NA,NA,NA,NA,1,"Attitudes",3,NA,"Low environmental consciousness, low proximity issue",1,75,3.87,0.98,NA,75,3.93,1.07,NA,NA,NA,NA,NA,NA,NA,NA,NA,NA,NA,NA,0.058183316,0.026677951
"113",114,114,2,"Chang_2012",NA,1,NA,1,NA,"Study",NA,"2","Chang_2012 Study 2",NA,1,NA,1,NA,2,NA,1,NA,2,3,NA,"Printer",1,NA,1,NA,1,1,1,5,"Self",1,NA,1,1,597,2,NA,NA,26,2.78,322,NA,NA,NA,NA,NA,2,"Attitudes",3,NA,"Low environmental consciousness, High proximity issue",1,75,4.39,1.15,NA,75,5.19,1.35,NA,NA,NA,NA,NA,NA,NA,NA,NA,NA,NA,NA,0.634722479,0.028009575
"114",115,115,2,"Chang_2012",NA,1,NA,1,NA,"Study",NA,"2","Chang_2012 Study 2",NA,1,NA,1,NA,2,NA,1,NA,2,3,NA,"Printer",1,NA,1,NA,1,1,1,5,"Self",1,NA,1,1,597,2,NA,NA,26,2.78,322,NA,NA,NA,NA,NA,3,"Behavioral Intention",4,NA,"Low environmental consciousness, low proximity issue",1,75,3.67,0.8,NA,75,3.81,1.12,NA,NA,NA,NA,NA,NA,NA,NA,NA,NA,NA,NA,0.143118709,0.026734943
"115",116,116,2,"Chang_2012",NA,1,NA,1,NA,"Study",NA,"2","Chang_2012 Study 2",NA,1,NA,1,NA,2,NA,1,NA,2,3,NA,"Printer",1,NA,1,NA,1,1,1,5,"Self",1,NA,1,1,597,2,NA,NA,26,2.78,322,NA,NA,NA,NA,NA,4,"Behavioral Intention",4,NA,"Low environmental consciousness, High proximity issue",1,75,4.19,0.93,NA,75,5.15,1.21,NA,NA,NA,NA,NA,NA,NA,NA,NA,NA,NA,NA,0.885096668,0.029277987
"116",117,117,2,"Chang_2012",NA,1,NA,1,NA,"Study",NA,"2","Chang_2012 Study 2",NA,1,NA,1,NA,2,NA,1,NA,2,3,NA,"Printer",1,NA,1,NA,1,1,1,5,"Self",1,NA,1,1,597,2,NA,NA,26,2.78,322,NA,NA,NA,NA,NA,5,"Attitudes",3,NA,"High environmental consciousness, Low proximity issue",1,75,5.38,1.04,NA,75,6.01,1.01,NA,NA,NA,NA,NA,NA,NA,NA,NA,NA,NA,NA,0.611447825,0.027912895
"117",118,118,2,"Chang_2012",NA,1,NA,1,NA,"Study",NA,"2","Chang_2012 Study 2",NA,1,NA,1,NA,2,NA,1,NA,2,3,NA,"Printer",1,NA,1,NA,1,1,1,5,"Self",1,NA,1,1,597,2,NA,NA,26,2.78,322,NA,NA,NA,NA,NA,6,"Attitudes",3,NA,"High environmental consciousness, High proximity issue",1,75,6.17,0.93,NA,75,5.31,1.28,NA,NA,NA,NA,NA,NA,NA,NA,NA,NA,NA,NA,-0.764797076,0.028616382
"118",119,119,2,"Chang_2012",NA,1,NA,1,NA,"Study",NA,"2","Chang_2012 Study 2",NA,1,NA,1,NA,2,NA,1,NA,2,3,NA,"Printer",1,NA,1,NA,1,1,1,5,"Self",1,NA,1,1,597,2,NA,NA,26,2.78,322,NA,NA,NA,NA,NA,7,"Behavioral Intention",4,NA,"High environmental consciousness, Low proximity issue",1,75,4.65,0.95,NA,75,5.42,1.15,NA,NA,NA,NA,NA,NA,NA,NA,NA,NA,NA,NA,0.72632323,0.028425151
"119",120,120,2,"Chang_2012",NA,1,NA,1,NA,"Study",NA,"2","Chang_2012 Study 2",NA,1,NA,1,NA,2,NA,1,NA,2,3,NA,"Printer",1,NA,1,NA,1,1,1,5,"Self",1,NA,1,1,597,2,NA,NA,26,2.78,322,NA,NA,NA,NA,NA,8,"Behavioral Intention",4,NA,"High environmental consciousness, High proximity issue",1,75,5.01,0.98,NA,75,4.64,1.02,NA,NA,NA,NA,NA,NA,NA,NA,NA,NA,NA,NA,-0.368047695,0.027118197
"120",121,121,2,"Compton_2008",NA,1,NA,1,NA,NA,NA,NA,"Compton_2008",NA,1,NA,1,NA,1,NA,1,NA,2,1,NA,"Cheating",2,NA,2,NA,1,2,1,2,NA,1,NA,3,2,225,2,NA,NA,NA,NA,135,NA,NA,NA,NA,9256,1,"Elicited threat",6,"Threat",NA,1,58,3.19,1.65,NA,66,3.47,1.53,NA,NA,NA,NA,NA,NA,NA,NA,NA,NA,NA,NA,0.175324728,0.032516841
"121",122,122,2,"Compton_2008",NA,1,NA,1,NA,NA,NA,NA,"Compton_2008",NA,1,NA,1,NA,1,NA,1,NA,2,1,NA,"Cheating",2,NA,2,NA,1,2,1,2,NA,1,NA,3,2,225,2,NA,NA,NA,NA,135,NA,NA,NA,NA,9256,2,"Attitude toward plagiarism",3,NA,NA,1,59,2.2,1.13,NA,66,1.94,1.03,NA,NA,NA,NA,NA,NA,NA,NA,NA,NA,NA,NA,-0.239644195,0.032330385
"123",129,129,2,"Coulter_1995",NA,1,NA,1,NA,NA,NA,NA,"Coulter_1995",NA,1,NA,1,NA,2,NA,1,NA,2,2,NA,"bread or dental floss",1,NA,2,NA,1,1,1,1,NA,1,NA,1,1,60,3,NA,"Working mothers",38.7,NA,60,NA,NA,NA,NA,NA,6,"happy amused",6,NA,NA,NA,20,NA,NA,NA,20,NA,NA,NA,1.94,"1, 57",NA,NA,NA,NA,NA,NA,NA,NA,NA,0.6088179,0.1032373
"125",131,131,2,"Coulter_1995",NA,1,NA,1,NA,NA,NA,NA,"Coulter_1995",NA,1,NA,1,NA,2,NA,1,NA,2,2,NA,"bread or dental floss",1,NA,2,NA,1,1,1,1,NA,1,NA,1,1,60,3,NA,"Working mothers",38.7,NA,60,NA,NA,NA,NA,NA,8,"cooperative attribution_make money",6,NA,NA,NA,20,NA,NA,NA,20,NA,NA,NA,5.75,"1, 57",NA,NA,NA,NA,NA,NA,NA,NA,NA,2.386318,1.039441
"126",132,132,2,"Coulter_1995",NA,1,NA,1,NA,NA,NA,NA,"Coulter_1995",NA,1,NA,1,NA,2,NA,1,NA,2,2,NA,"bread or dental floss",1,NA,2,NA,1,1,1,1,NA,1,NA,1,1,60,3,NA,"Working mothers",38.7,NA,60,NA,NA,NA,NA,NA,9,"cooperative contribution_concern for kids",6,NA,NA,NA,20,NA,NA,NA,20,NA,NA,NA,0.5,"1, 57",NA,NA,NA,NA,NA,NA,NA,NA,NA,0.7036868,0.9946189
"127",133,133,2,"Graton_2016",NA,1,NA,1,NA,"Experiment",NA,"1","Graton_2016 Experiment 1",NA,3,"France",2,"French",1,NA,2,NA,2,3,NA,"Environment",1,NA,3,"None",NA,2,1,5,"None",1,NA,1,1,85,2,NA,"Native French speaker, confused with shame and guilt, and othe rexperimental incidents",20.6,3.15,77,NA,NA,NA,NA,5114,1,"Guilt",1,NA,NA,1,28,0.55,1.26,NA,28,3.38,1.95,NA,NA,NA,NA,NA,NA,NA,NA,NA,NA,NA,NA,1.699791447,0.097225812
"128",134,134,2,"Graton_2016",NA,1,NA,1,NA,"Experiment",NA,"1","Graton_2016 Experiment 1",NA,3,"France",2,"French",1,NA,2,NA,2,3,NA,"Environment",1,NA,3,"None",NA,2,1,5,"None",1,NA,1,1,85,2,NA,"Native French speaker, confused with shame and guilt, and othe rexperimental incidents",20.6,3.15,77,NA,NA,NA,NA,5114,2,"Pro-environment intention",4,NA,"Reparatory text",1,28,4.61,0.88,NA,28,5.35,0.58,NA,NA,NA,2.4,77,NA,NA,NA,NA,0.07,NA,NA,0.97908726,0.079987606
"129",135,135,2,"Graton_2016",NA,1,NA,1,NA,"Experiment",NA,"1","Graton_2016 Experiment 1",NA,3,"France",2,"French",1,NA,2,NA,2,3,NA,"Environment",1,NA,3,"None",NA,2,1,5,"None",1,NA,1,1,85,2,NA,"Native French speaker, confused with shame and guilt, and othe rexperimental incidents",20.6,3.15,77,NA,NA,NA,NA,5114,3,"Pro-environment intention",4,NA,"Normative text",1,28,4.23,0.88,NA,28,4.5,1.21,NA,NA,NA,1.95,77,NA,NA,NA,NA,0.05,NA,NA,0.251647622,0.071993987
"131",137,137,2,"Graton_2016",NA,1,NA,1,NA,"Experiment",NA,"2","Graton_2016 Experiment 2",NA,3,"France",2,"French",1,NA,1,NA,2,3,NA,"Environment",2,NA,1,NA,1,1,1,5,"Environment",1,NA,1,1,92,2,NA,"Native language is English and follow the experiment instructions.",19.41,2.2,75,NA,NA,NA,NA,7544,2,"Fish release game",5,NA,"Subtle incitation to repair",1,23,16,5.19,NA,23,19.57,4.96,NA,NA,NA,2.28,87,NA,NA,NA,NA,0.06,NA,NA,0.691200186,0.09214954
"132",138,138,2,"Graton_2016",NA,1,NA,1,NA,"Experiment",NA,"3","Graton_2016 Experiment 3",NA,3,"France",2,"French",1,NA,1,NA,2,3,NA,"Environment",2,NA,1,NA,1,1,1,5,"Environment",1,NA,1,1,83,2,NA,"Follow the instructions; understand the difference between guilt and shame",20.87,2.27,72,NA,NA,NA,NA,5437,1,"Guilt",1,NA,NA,1,41,0.88,1.4,NA,42,3.8,1.95,NA,61.7,"1, 81",NA,NA,NA,NA,NA,NA,0.43,NA,NA,1.700913581,0.065628123
"133",139,139,2,"Graton_2016",NA,1,NA,1,NA,"Experiment",NA,"3","Graton_2016 Experiment 3",NA,3,"France",2,"French",1,NA,1,NA,2,3,NA,"Environment",2,NA,1,NA,1,1,1,5,"Environment",1,NA,1,1,83,2,NA,"Follow the instructions; understand the difference between guilt and shame",20.87,2.27,72,NA,NA,NA,NA,5437,2,"Pro-environment behavior",5,NA,"Subtle demand",1,21,1.75,0.96,NA,21,2.24,0.94,NA,2.7,"1, 79",NA,NA,NA,NA,NA,NA,0.03,NA,NA,0.506019309,0.098286375
"134",140,140,2,"Graton_2016",NA,1,NA,1,NA,"Experiment",NA,"3","Graton_2016 Experiment 3",NA,3,"France",2,"French",1,NA,1,NA,2,3,NA,"Environment",2,NA,1,NA,1,1,1,5,"Environment",1,NA,1,1,83,2,NA,"Follow the instructions; understand the difference between guilt and shame",20.87,2.27,72,NA,NA,NA,NA,5437,3,"Pro-environment behavior",5,NA,"Explicit demand",1,21,2.32,0.78,NA,20,2.05,1.1,NA,NA,NA,NA,NA,NA,NA,NA,NA,NA,NA,NA,-0.278860249,0.098567377
"137",143,143,2,"Hornsey_2016",NA,1,NA,2,NA,"Study",NA,"2","Hornsey_2016 Study 2",NA,3,"Australia",1,NA,2,NA,1,NA,2,3,NA,"Climate Change",2,NA,1,NA,1,2,1,5,"Environment",1,NA,1,1,542,1,NA,"Causes of climate change",32,NA,312,NA,NA,NA,NA,1391,1,"Behavioral Intentions",4,NA,NA,NA,181,NA,NA,NA,181,NA,NA,NA,4.5,"2, 536",NA,NA,NA,NA,NA,NA,NA,NA,NA,1.500692,0.5025545
"138",144,144,2,"Hornsey_2016",NA,1,NA,2,NA,"Study",NA,"2","Hornsey_2016 Study 2",NA,3,"Australia",1,NA,2,NA,1,NA,2,3,NA,"Climate Change",2,NA,1,NA,1,2,1,5,"Environment",1,NA,1,1,542,1,NA,"Causes of climate change",32,NA,312,NA,NA,NA,NA,1391,2,"Risk perception",6,"Risk perception",NA,1,181,NA,NA,NA,181,NA,NA,NA,3.93,"2, 536",NA,NA,NA,NA,NA,NA,NA,NA,NA,1.402431,0.5022894
"139",145,145,1,"Jimenez_2007",NA,2,NA,1,NA,"Study",NA,"1","Jimenez_2007 Study 1",NA,1,NA,1,NA,2,NA,1,NA,2,3,NA,"enviroment",1,NA,1,NA,1,1,1,5,"enviroment",1,NA,1,1,140,2,NA,"18 years old",NA,NA,NA,NA,NA,NA,NA,8666,1,"Attitude toward the Ad",3,NA,NA,NA,63,3.42,0.8,NA,58,3.1,0.87,NA,4.44,"1, 119",NA,NA,NA,NA,NA,NA,NA,NA,NA,-0.381148849,0.033714703
"140",146,146,1,"Jimenez_2007",NA,2,NA,1,NA,"Study",NA,"1","Jimenez_2007 Study 1",NA,1,NA,1,NA,2,NA,1,NA,2,3,NA,"enviroment",1,NA,1,NA,1,1,1,5,"enviroment",1,NA,1,1,140,2,NA,"18 years old",NA,NA,NA,NA,NA,NA,NA,8666,2,"Attitude toward the brand",3,NA,NA,NA,63,3.93,0.72,NA,58,3.59,0.82,NA,5.87,"1,119",NA,NA,NA,NA,NA,NA,NA,NA,NA,-0.439040997,0.033910912
"141",147,147,1,"Jimenez_2007",NA,2,NA,1,NA,"Study",NA,"1","Jimenez_2007 Study 1",NA,1,NA,1,NA,2,NA,1,NA,2,3,NA,"enviroment",1,NA,1,NA,1,1,1,5,"enviroment",1,NA,1,1,140,2,NA,"18 years old",NA,NA,NA,NA,NA,NA,NA,8666,3,"purchase intention",4,NA,NA,NA,NA,NA,NA,NA,NA,NA,NA,NA,1.42,"1, 119",NA,NA,NA,NA,NA,NA,NA,NA,NA,1.189012,1.001489
"142",148,148,2,"Kjell_2013",NA,1,NA,1,NA,"Study",NA,"1","Kjell_2013 Study 1",NA,3,"UK",1,NA,1,NA,2,NA,1,7,"Prisoner dilemma game","Prisoner dilemma game",3,NA,3,NA,NA,2,2,1,NA,1,NA,1,1,69,2,NA,NA,22.62,NA,47,NA,NA,NA,NA,7342,1,"Guilt",1,NA,NA,1,23,10.99,5.68,NA,23,16.47,6.49,NA,10.8,"2, 66",NA,NA,NA,NA,NA,NA,NA,NA,NA,0.88316799,0.095434627
"143",149,149,2,"Kjell_2013",NA,1,NA,1,NA,"Study",NA,"1","Kjell_2013 Study 1",NA,3,"UK",1,NA,1,NA,2,NA,1,7,"Prisoner dilemma game","Prisoner dilemma game",3,NA,3,NA,NA,2,2,1,NA,1,NA,1,1,69,2,NA,NA,22.62,NA,47,NA,NA,NA,NA,7342,2,"Joy",6,"Emotion",NA,1,23,24,24,7.59,23,21.22,9.41,NA,NA,NA,NA,NA,NA,NA,NA,NA,NA,NA,NA,-0.149892441,0.087200736
"144",150,150,1,"L. E. Allspach_2000",NA,2,NA,1,NA,"Study",NA,"1","L. E. Allspach_2000 Study 1",NA,1,NA,1,NA,9,"conversation",2,NA,1,7,"interpersonal relationship","interpersonal relationship",2,NA,1,NA,1,2,2,1,NA,1,NA,1,1,168,2,NA,NA,33.62,3.59,103,8,17,5,134,1202,1,"guilt elicitation intensity",6,NA,NA,NA,NA,NA,NA,NA,NA,NA,NA,NA,NA,NA,5.71,82,NA,NA,NA,NA,NA,NA,NA,1.249268,0.05738358
"145",151,151,1,"L. E. Allspach_2000",NA,2,NA,1,NA,"Study",NA,"1","L. E. Allspach_2000 Study 1",NA,1,NA,1,NA,9,"conversation",2,NA,1,7,"interpersonal relationship","interpersonal relationship",2,NA,1,NA,1,2,2,1,NA,1,NA,1,1,168,2,NA,NA,33.62,3.59,103,8,17,5,134,1202,2,"guilt experienced by target",1,NA,NA,NA,NA,NA,NA,NA,NA,NA,NA,NA,NA,NA,-1.88,82,NA,NA,NA,NA,NA,NA,NA,-0.4113176,0.0488989
"146",152,152,1,"L. E. Allspach_2000",NA,2,NA,1,NA,"Study",NA,"1","L. E. Allspach_2000 Study 1",NA,1,NA,1,NA,9,"conversation",2,NA,1,7,"interpersonal relationship","interpersonal relationship",2,NA,1,NA,1,2,2,1,NA,1,NA,1,1,168,2,NA,NA,33.62,3.59,103,8,17,5,134,1202,3,"conversational guilt",1,NA,NA,NA,NA,NA,NA,NA,NA,NA,NA,NA,NA,NA,3.56,82,NA,NA,NA,NA,NA,NA,NA,0.778878,0.05156639
"147",153,153,1,"L. E. Allspach_2000",NA,2,NA,1,NA,"Study",NA,"1","L. E. Allspach_2000 Study 1",NA,1,NA,1,NA,9,"conversation",2,NA,1,7,"interpersonal relationship","interpersonal relationship",2,NA,1,NA,1,2,2,1,NA,1,NA,1,1,168,2,NA,NA,33.62,3.59,103,8,17,5,134,1202,4,"Perceived conversational appropriateness of guilt appeal_elicitor",3,NA,"elicitor",NA,NA,NA,NA,NA,NA,NA,NA,NA,NA,NA,3.1,82,NA,NA,NA,NA,NA,NA,NA,0.6782365,0.05067221
"148",154,154,1,"L. E. Allspach_2000",NA,2,NA,1,NA,"Study",NA,"1","L. E. Allspach_2000 Study 1",NA,1,NA,1,NA,9,"conversation",2,NA,1,7,"interpersonal relationship","interpersonal relationship",2,NA,1,NA,1,2,2,1,NA,1,NA,1,1,168,2,NA,NA,33.62,3.59,103,8,17,5,134,1202,5,"Perceived conversational appropriateness of guilt appeal_target",3,NA,"target",NA,NA,NA,NA,NA,NA,NA,NA,NA,NA,NA,2.06,82,NA,NA,NA,NA,NA,NA,NA,0.4506991,0.0491059
"149",155,155,1,"L. E. Allspach_2000",NA,2,NA,1,NA,"Study",NA,"1","L. E. Allspach_2000 Study 1",NA,1,NA,1,NA,9,"conversation",2,NA,1,7,"interpersonal relationship","interpersonal relationship",2,NA,1,NA,1,2,2,1,NA,1,NA,1,1,168,2,NA,NA,33.62,3.59,103,8,17,5,134,1202,6,"Elicitors' perceptions of change",3,NA,NA,NA,NA,NA,NA,NA,NA,NA,NA,NA,NA,NA,-2.67,82,NA,NA,NA,NA,NA,NA,NA,-0.6038493,0.05009068
"150",156,156,2,"La Ferle_2019",NA,1,NA,1,NA,NA,NA,NA,"La Ferle_2019",NA,3,"India",1,NA,2,NA,1,NA,1,6,NA,"Domestic violence",1,NA,1,NA,1,1,1,4,NA,1,NA,1,1,120,1,NA,NA,43.77,NA,51,NA,NA,NA,NA,NA,1,"Attitude toward the Ad",3,NA,NA,1,40,4.65,NA,NA,40,6.43,NA,NA,13.55,"2, 115",NA,NA,NA,NA,NA,NA,0.19,NA,NA,2.60826,0.5311405
"151",157,157,2,"La Ferle_2019",NA,1,NA,1,NA,NA,NA,NA,"La Ferle_2019",NA,3,"India",1,NA,2,NA,1,NA,1,6,NA,"Domestic violence",1,NA,1,NA,1,1,1,4,NA,1,NA,1,1,120,1,NA,NA,43.77,NA,51,NA,NA,NA,NA,NA,2,"Reporting Intention",4,NA,NA,1,40,5.57,NA,NA,40,6.37,NA,NA,5.41,"2, 115",NA,NA,NA,NA,NA,NA,0.09,NA,NA,1.648086,0.5136754
"152",158,158,2,"Lee_2013",NA,1,NA,1,NA,NA,NA,NA,"Lee_2013",NA,3,"Taiwan",2,"Chinese",8,NA,1,NA,2,3,NA,"Environment",2,NA,3,NA,3,1,1,4,NA,1,NA,1,1,415,3,NA,NA,39.53,5.14,224,NA,NA,NA,NA,NA,1,"Attitudes",3,NA,"Participant with external environmental locus of control, Local Issue",1,51,4.42,0.93,NA,51,4.3,1.01,NA,NA,NA,NA,NA,NA,NA,NA,NA,NA,NA,NA,-0.122676529,0.039289458
"153",159,159,2,"Lee_2013",NA,1,NA,1,NA,NA,NA,NA,"Lee_2013",NA,3,"Taiwan",2,"Chinese",8,NA,1,NA,2,3,NA,"Environment",2,NA,3,NA,3,1,1,4,NA,1,NA,1,1,415,3,NA,NA,39.53,5.14,224,NA,NA,NA,NA,NA,2,"Attitudes",3,NA,"Participant with external environmental locus of control, Global Issue",1,51,4.33,1.03,NA,51,5.53,1.11,NA,NA,NA,NA,NA,NA,NA,NA,NA,NA,NA,NA,1.112282564,0.045280257
"154",160,160,2,"Lee_2013",NA,1,NA,1,NA,NA,NA,NA,"Lee_2013",NA,3,"Taiwan",2,"Chinese",8,NA,1,NA,2,3,NA,"Environment",2,NA,3,NA,3,1,1,4,NA,1,NA,1,1,415,3,NA,NA,39.53,5.14,224,NA,NA,NA,NA,NA,3,"Behavioral Intention",4,NA,"Participant with external environmental locus of control, Local Issue",1,51,3.89,1.02,NA,51,4.01,0.98,NA,NA,NA,NA,NA,NA,NA,NA,NA,NA,NA,NA,0.119073554,0.039285189
"155",161,161,2,"Lee_2013",NA,1,NA,1,NA,NA,NA,NA,"Lee_2013",NA,3,"Taiwan",2,"Chinese",8,NA,1,NA,2,3,NA,"Environment",2,NA,3,NA,3,1,1,4,NA,1,NA,1,1,415,3,NA,NA,39.53,5.14,224,NA,NA,NA,NA,NA,4,"Behavioral Intention",4,NA,"Participant with external environmental locus of control, Global Issue",1,51,4.12,0.91,NA,51,5.19,1.08,NA,NA,NA,NA,NA,NA,NA,NA,NA,NA,NA,NA,1.063414721,0.044759073
"156",162,162,2,"Lee_2013",NA,1,NA,1,NA,NA,NA,NA,"Lee_2013",NA,3,"Taiwan",2,"Chinese",8,NA,1,NA,2,3,NA,"Environment",2,NA,3,NA,3,1,1,4,NA,1,NA,1,1,415,3,NA,NA,39.53,5.14,224,NA,NA,NA,NA,NA,5,"Attitudes",3,NA,"Participant with internal environmental locus of control, Local Issue",1,51,4.21,1.04,NA,51,5.02,0.98,NA,NA,NA,NA,NA,NA,NA,NA,NA,NA,NA,NA,0.79559686,0.042318502
"157",163,163,2,"Lee_2013",NA,1,NA,1,NA,NA,NA,NA,"Lee_2013",NA,3,"Taiwan",2,"Chinese",8,NA,1,NA,2,3,NA,"Environment",2,NA,3,NA,3,1,1,4,NA,1,NA,1,1,415,3,NA,NA,39.53,5.14,224,NA,NA,NA,NA,NA,6,"Attitudes",3,NA,"Participant with internal environmental locus of control, Global Issue",1,51,5.29,1.21,NA,51,4.11,0.94,NA,NA,NA,NA,NA,NA,NA,NA,NA,NA,NA,NA,-1.080927629,0.04494316
"158",164,164,2,"Lee_2013",NA,1,NA,1,NA,NA,NA,NA,"Lee_2013",NA,3,"Taiwan",2,"Chinese",8,NA,1,NA,2,3,NA,"Environment",2,NA,3,NA,3,1,1,4,NA,1,NA,1,1,415,3,NA,NA,39.53,5.14,224,NA,NA,NA,NA,NA,7,"Behavioral Intention",4,NA,"Participant with internal environmental locus of control, Local Issue",1,51,3.91,1.18,NA,51,4.68,1.09,NA,NA,NA,NA,NA,NA,NA,NA,NA,NA,NA,NA,0.672782527,0.041434492
"159",165,165,2,"Lee_2013",NA,1,NA,1,NA,NA,NA,NA,"Lee_2013",NA,3,"Taiwan",2,"Chinese",8,NA,1,NA,2,3,NA,"Environment",2,NA,3,NA,3,1,1,4,NA,1,NA,1,1,415,3,NA,NA,39.53,5.14,224,NA,NA,NA,NA,NA,8,"Behavioral Intention",4,NA,"Participant with internal environmental locus of control, Global Issue",1,51,5.06,1.05,NA,51,4.25,1.16,NA,NA,NA,NA,NA,NA,NA,NA,NA,NA,NA,NA,-0.726618335,0.041803795
"160",166,166,1,"Lindsey_2005",NA,1,NA,1,NA,"Study",NA,"1","Lindsey_2005 Study 1",NA,1,NA,1,NA,1,NA,1,NA,1,4,NA,"blood donation",1,NA,2,NA,1,2,1,4,NA,1,NA,1,1,146,2,NA,NA,21.4,1.9,88,15,6,9,116,2946,1,NA,NA,NA,NA,1,52,2.88,1.61,NA,46,5.6,1.22,NA,NA,NA,NA,NA,NA,NA,NA,NA,NA,NA,NA,1.873571734,0.058879446
"161",167,167,1,"Lindsey_2005",NA,1,NA,1,NA,"Study",NA,"1","Lindsey_2005 Study 1",NA,1,NA,1,NA,1,NA,1,NA,1,4,NA,"blood donation",1,NA,2,NA,1,2,1,4,NA,1,NA,1,1,146,2,NA,NA,21.4,1.9,88,15,6,9,116,2946,2,"psychological reactance",6,NA,NA,NA,52,3.14,0.91,NA,46,2.87,1.01,NA,NA,NA,NA,NA,NA,NA,NA,NA,NA,NA,NA,-0.279577423,0.041368693
"162",168,168,1,"Lindsey_2005",NA,1,NA,1,NA,"Study",NA,"1","Lindsey_2005 Study 1",NA,1,NA,1,NA,1,NA,1,NA,1,4,NA,"blood donation",1,NA,2,NA,1,2,1,4,NA,1,NA,1,1,146,2,NA,NA,21.4,1.9,88,15,6,9,116,2946,3,"anticipated guilt vs. actual guilt",1,NA,NA,2,146,4.15,1.81,NA,146,3.42,1.12,NA,NA,NA,4.53,119,NA,NA,NA,NA,NA,NA,NA,-0.483770104,0.014099372
"163",169,169,2,"M. Steinhauer_2016",NA,2,NA,1,NA,"Study",NA,"1","M. Steinhauer_2016 Study 1",NA,1,NA,1,NA,8,NA,1,NA,2,7,"Moral dilemma","aggression and reparative behavior",1,NA,1,NA,1,2,2,4,NA,1,NA,1,1,125,2,NA,NA,19.34,NA,NA,19,20,16,60,8357,1,"Aggression behavior (hot sauce allocated)",5,NA,NA,1,37,2.8,4,NA,39,3.99,3.66,NA,NA,NA,NA,NA,NA,NA,NA,NA,NA,NA,NA,0.307609465,0.053290576
"164",170,170,2,"M. Steinhauer_2016",NA,2,NA,1,NA,"Study",NA,"1","M. Steinhauer_2016 Study 1",NA,1,NA,1,NA,8,NA,1,NA,2,7,"Moral dilemma","aggression and reparative behavior",1,NA,1,NA,1,2,2,4,NA,1,NA,1,1,125,2,NA,NA,19.34,NA,NA,19,20,16,60,8357,2,"Reparative behavior (number of pencil sharpened)",5,NA,NA,1,37,13.38,14.29,NA,39,14.72,13.93,NA,NA,NA,NA,NA,NA,NA,NA,NA,NA,NA,NA,0.094026554,0.052726217
"165",171,171,2,"M. Steinhauer_2016",NA,2,NA,1,NA,"Study",NA,"1","M. Steinhauer_2016 Study 1",NA,1,NA,1,NA,8,NA,1,NA,2,7,"Moral dilemma","aggression and reparative behavior",1,NA,1,NA,1,2,2,4,NA,1,NA,1,1,125,2,NA,NA,19.34,NA,NA,19,20,16,60,8357,3,"Guilt",1,NA,NA,1,37,7.11,2.9,NA,39,8.82,3.38,NA,NA,NA,NA,NA,NA,NA,NA,NA,NA,NA,NA,0.536376535,0.054560814
"166",172,172,2,"M. Steinhauer_2016",NA,2,NA,1,NA,"Study",NA,"1","M. Steinhauer_2016 Study 1",NA,1,NA,1,NA,8,NA,1,NA,2,7,"Moral dilemma","aggression and reparative behavior",1,NA,1,NA,1,2,2,4,NA,1,NA,1,1,125,2,NA,NA,19.34,NA,NA,19,20,16,60,8357,4,"Shame",6,"Emotion",NA,1,37,6.51,2.6,NA,39,8.26,3.35,NA,NA,NA,NA,NA,NA,NA,NA,NA,NA,NA,NA,0.575751106,0.054848904
"167",173,173,1,"Massi Lindsey_2007",NA,1,NA,1,NA,"Study",NA,"1","Massi Lindsey_2007 Study 1",NA,1,NA,1,NA,1,NA,1,NA,1,4,NA,"marrow donation",1,NA,2,NA,1,1,1,4,NA,1,NA,1,1,146,2,NA,NA,21.4,1.9,88,15,6,9,116,5288,1,"threat perception",6,NA,NA,NA,52,4.39,1.25,NA,46,6.37,0.6,NA,NA,NA,NA,NA,NA,NA,NA,NA,NA,NA,NA,1.965636174,0.060682785
"168",174,174,1,"Massi Lindsey_2007",NA,1,NA,1,NA,"Study",NA,"1","Massi Lindsey_2007 Study 1",NA,1,NA,1,NA,1,NA,1,NA,1,4,NA,"marrow donation",1,NA,2,NA,1,1,1,4,NA,1,NA,1,1,146,2,NA,NA,21.4,1.9,88,15,6,9,116,5288,2,"response efficacy",6,NA,NA,NA,52,3.76,1.23,NA,46,5.7,0.86,NA,NA,NA,NA,NA,NA,NA,NA,NA,NA,NA,NA,1.79455871,0.057400721
"169",175,175,1,"Massi Lindsey_2007",NA,1,NA,1,NA,"Study",NA,"1","Massi Lindsey_2007 Study 1",NA,1,NA,1,NA,1,NA,1,NA,1,4,NA,"marrow donation",1,NA,2,NA,1,1,1,4,NA,1,NA,1,1,146,2,NA,NA,21.4,1.9,88,15,6,9,116,5288,3,"self-efficacy",6,NA,NA,NA,52,3.13,1.15,NA,46,5.86,1.11,NA,NA,NA,NA,NA,NA,NA,NA,NA,NA,NA,NA,2.393975957,0.070210312
"170",176,176,1,"Massi Lindsey_2007",NA,1,NA,1,NA,"Study",NA,"1","Massi Lindsey_2007 Study 1",NA,1,NA,1,NA,1,NA,1,NA,1,4,NA,"marrow donation",1,NA,2,NA,1,1,1,4,NA,1,NA,1,1,146,2,NA,NA,21.4,1.9,88,15,6,9,116,5288,4,NA,1,NA,NA,NA,52,2.88,1.61,NA,46,5.6,1.22,NA,NA,NA,NA,NA,NA,NA,NA,NA,NA,NA,NA,1.873571734,0.058879446
"171",177,177,2,"Noble_2014",NA,1,NA,1,NA,NA,NA,NA,"Noble_2014",NA,3,"US, UK, Australia",1,NA,2,NA,1,NA,2,3,NA,"Global warming",1,NA,1,NA,1,1,1,5,"Environment",1,NA,1,1,444,1,NA,NA,54,NA,222,NA,NA,NA,NA,9720,1,"Likeability",3,NA,"Female",1,74,2.1,0.9,NA,74,2.46,0.76,NA,NA,NA,NA,NA,NA,NA,NA,NA,NA,NA,NA,0.429975934,0.027651619
"172",178,178,2,"Noble_2014",NA,1,NA,1,NA,NA,NA,NA,"Noble_2014",NA,3,"US, UK, Australia",1,NA,2,NA,1,NA,2,3,NA,"Global warming",1,NA,1,NA,1,1,1,5,"Environment",1,NA,1,1,444,1,NA,NA,54,NA,222,NA,NA,NA,NA,9720,2,"Attitude toward the issue",3,NA,"Female",1,74,3.34,0.93,NA,74,3.82,1.08,NA,NA,NA,NA,NA,NA,NA,NA,NA,NA,NA,NA,0.473835938,0.027785542
"173",179,179,2,"Noble_2014",NA,1,NA,1,NA,NA,NA,NA,"Noble_2014",NA,3,"US, UK, Australia",1,NA,2,NA,1,NA,2,3,NA,"Global warming",1,NA,1,NA,1,1,1,5,"Environment",1,NA,1,1,444,1,NA,NA,54,NA,222,NA,NA,NA,NA,9720,3,"Brand attitude",3,NA,"Female",1,74,3.43,1.12,NA,74,3.68,1.12,NA,NA,NA,NA,NA,NA,NA,NA,NA,NA,NA,NA,0.222065341,0.027193625
"174",180,180,2,"Noble_2014",NA,1,NA,1,NA,NA,NA,NA,"Noble_2014",NA,3,"US, UK, Australia",1,NA,2,NA,1,NA,2,3,NA,"Global warming",1,NA,1,NA,1,1,1,5,"Environment",1,NA,1,1,444,1,NA,NA,54,NA,222,NA,NA,NA,NA,9720,4,"Likeability",3,NA,"Male",1,74,2.11,0.95,NA,74,2.03,0.95,NA,NA,NA,NA,NA,NA,NA,NA,NA,NA,NA,NA,-0.083777072,0.027050739
"175",181,181,2,"Noble_2014",NA,1,NA,1,NA,NA,NA,NA,"Noble_2014",NA,3,"US, UK, Australia",1,NA,2,NA,1,NA,2,3,NA,"Global warming",1,NA,1,NA,1,1,1,5,"Environment",1,NA,1,1,444,1,NA,NA,54,NA,222,NA,NA,NA,NA,9720,5,"Attitude toward the issue",3,NA,"Male",1,74,3.18,1.16,NA,74,3.04,1.3,NA,NA,NA,NA,NA,NA,NA,NA,NA,NA,NA,NA,-0.11305234,0.027070206
"176",182,182,2,"Noble_2014",NA,1,NA,1,NA,NA,NA,NA,"Noble_2014",NA,3,"US, UK, Australia",1,NA,2,NA,1,NA,2,3,NA,"Global warming",1,NA,1,NA,1,1,1,5,"Environment",1,NA,1,1,444,1,NA,NA,54,NA,222,NA,NA,NA,NA,9720,6,"Brand attitude",3,NA,"Male",1,74,3.09,1.14,NA,74,3.03,1.17,NA,NA,NA,NA,NA,NA,NA,NA,NA,NA,NA,NA,-0.051676303,0.027036049
"178",184,184,1,"Peloza_2013",NA,1,NA,1,NA,"Study",NA,"2","Peloza_2013 Study 2",NA,1,NA,1,NA,2,NA,1,NA,2,2,NA,"fair trade tea",1,NA,2,NA,1,1,1,4,NA,1,NA,1,2,79,2,NA,NA,NA,NA,NA,NA,NA,NA,NA,3450,2,"intention_self-accountability  prime",4,NA,NA,NA,NA,NA,NA,NA,NA,NA,NA,NA,NA,NA,2.58,71,NA,NA,NA,NA,NA,NA,NA,0.6057589,0.05771059
"179",185,185,1,"Peloza_2013",NA,1,NA,1,NA,"Study",NA,"2","Peloza_2013 Study 2",NA,1,NA,1,NA,2,NA,1,NA,2,2,NA,"fair trade tea",1,NA,2,NA,1,1,1,4,NA,1,NA,1,2,79,2,NA,NA,NA,NA,NA,NA,NA,NA,NA,3450,3,"intention_neutral prime",4,NA,NA,NA,NA,NA,NA,NA,NA,NA,NA,NA,NA,NA,1.11,71,NA,NA,NA,NA,NA,NA,NA,0.2606172,0.05560479
"180",186,186,1,"Pinto_1991",NA,1,NA,1,NA,"Study",NA,"1","Pinto_1991 Study 1",NA,1,NA,1,NA,2,NA,1,NA,2,2,NA,"microwave frozen dinner",1,NA,2,NA,1,2,1,1,NA,1,NA,1,1,46,3,NA,NA,35.5,5.6,46,NA,NA,NA,NA,8169,1,"guilt",1,NA,NA,NA,15,1.6,0.95,NA,15,2.22,1.28,NA,NA,NA,NA,NA,NA,NA,NA,NA,NA,NA,NA,0.535174534,0.138106863
"181",187,187,1,"Pinto_1991",NA,1,NA,1,NA,"Study",NA,"1","Pinto_1991 Study 1",NA,1,NA,1,NA,2,NA,1,NA,2,2,NA,"microwave frozen dinner",1,NA,2,NA,1,2,1,1,NA,1,NA,1,1,46,3,NA,NA,35.5,5.6,46,NA,NA,NA,NA,8169,2,"anger",6,NA,NA,NA,15,1.67,0.9,NA,15,3.31,1.19,NA,NA,NA,NA,NA,NA,NA,NA,NA,NA,NA,NA,1.512408293,0.171456314
"182",188,188,1,"Pinto_1991",NA,1,NA,1,NA,"Study",NA,"1","Pinto_1991 Study 1",NA,1,NA,1,NA,2,NA,1,NA,2,2,NA,"microwave frozen dinner",1,NA,2,NA,1,2,1,1,NA,1,NA,1,1,46,3,NA,NA,35.5,5.6,46,NA,NA,NA,NA,8169,3,"Happiness",6,NA,NA,NA,15,2.91,1,NA,15,1.8,0.86,NA,NA,NA,NA,NA,NA,NA,NA,NA,NA,NA,NA,-1.157966022,0.155681422
"183",189,189,2,"Shehu_2013",NA,1,NA,1,NA,NA,NA,NA,"Shehu_2013",NA,3,"Germany",2,"German",2,NA,1,NA,2,4,NA,"Blood donation",1,NA,2,NA,1,1,1,4,NA,1,NA,1,1,1054,1,NA,NA,50.6,11.5,459,NA,NA,NA,NA,4044,1,"Intention to donate blood",4,NA,"Donor",1,63,4.52,2.29,NA,227,4.12,2.52,NA,NA,NA,NA,NA,NA,NA,NA,NA,NA,NA,NA,-0.161371285,0.0203232
"184",190,190,2,"Shehu_2013",NA,1,NA,1,NA,NA,NA,NA,"Shehu_2013",NA,3,"Germany",2,"German",2,NA,1,NA,2,4,NA,"Blood donation",1,NA,2,NA,1,1,1,4,NA,1,NA,1,1,1054,1,NA,NA,50.6,11.5,459,NA,NA,NA,NA,4044,2,"Intention to donate blood",4,NA,"Nondonors",1,61,2.61,1.87,NA,231,2.24,1.64,NA,NA,NA,NA,NA,NA,NA,NA,NA,NA,NA,NA,-0.218347964,0.020804084
"185",191,191,1,"Simunich_2008",NA,2,NA,1,NA,"Study",NA,"1","Simunich_2008 Study 1",NA,1,NA,1,NA,1,NA,1,NA,2,3,NA,"recycle and CFL bulb",1,NA,1,NA,1,1,1,5,"enviroment",1,NA,1,1,246,2,NA,NA,23,NA,137,28,2,21,167,9423,1,"guilt_recycle",1,NA,NA,NA,20,3.87,1.96,NA,21,4.73,1.22,NA,NA,NA,NA,NA,NA,NA,NA,NA,NA,NA,NA,0.519546845,0.100910864
"186",192,192,1,"Simunich_2008",NA,2,NA,1,NA,"Study",NA,"1","Simunich_2008 Study 1",NA,1,NA,1,NA,1,NA,1,NA,2,3,NA,"recycle and CFL bulb",1,NA,1,NA,1,1,1,5,"enviroment",1,NA,1,1,246,2,NA,NA,23,NA,137,28,2,21,167,9423,2,"guilt_bulb",1,NA,NA,NA,20,3.33,1.6,NA,21,3.44,1.66,NA,NA,NA,NA,NA,NA,NA,NA,NA,NA,NA,NA,0.066134698,0.097672387
"187",193,193,1,"Simunich_2008",NA,2,NA,1,NA,"Study",NA,"1","Simunich_2008 Study 1",NA,1,NA,1,NA,1,NA,1,NA,2,3,NA,"recycle and CFL bulb",1,NA,1,NA,1,1,1,5,"enviroment",1,NA,1,1,246,2,NA,NA,23,NA,137,28,2,21,167,9423,3,"guilt_relief",6,NA,NA,NA,20,4.26,1.8,NA,21,5.13,0.87,NA,NA,NA,NA,NA,NA,NA,NA,NA,NA,NA,NA,0.608362114,0.102132517
"188",194,194,1,"Simunich_2008",NA,2,NA,1,NA,"Study",NA,"1","Simunich_2008 Study 1",NA,1,NA,1,NA,1,NA,1,NA,2,3,NA,"recycle and CFL bulb",1,NA,1,NA,1,1,1,5,"enviroment",1,NA,1,1,246,2,NA,NA,23,NA,137,28,2,21,167,9423,4,"guilt relief_bulb",6,NA,NA,NA,20,4.84,1.23,NA,21,4.23,1.17,NA,NA,NA,NA,NA,NA,NA,NA,NA,NA,NA,NA,-0.498647834,0.100651361
"189",195,195,1,"Simunich_2008",NA,2,NA,1,NA,"Study",NA,"1","Simunich_2008 Study 1",NA,1,NA,1,NA,1,NA,1,NA,2,3,NA,"recycle and CFL bulb",1,NA,1,NA,1,1,1,5,"enviroment",1,NA,1,1,246,2,NA,NA,23,NA,137,28,2,21,167,9423,5,"perceived message persuasiveness_recycle",3,NA,NA,NA,20,4.63,1.38,NA,21,5.81,0.79,NA,NA,NA,NA,NA,NA,NA,NA,NA,NA,NA,NA,1.035871522,0.110704777
"190",196,196,1,"Simunich_2008",NA,2,NA,1,NA,"Study",NA,"1","Simunich_2008 Study 1",NA,1,NA,1,NA,1,NA,1,NA,2,3,NA,"recycle and CFL bulb",1,NA,1,NA,1,1,1,5,"enviroment",1,NA,1,1,246,2,NA,NA,23,NA,137,28,2,21,167,9423,6,"attitude_recycle",3,NA,NA,NA,20,5.91,1.49,NA,21,6.49,0.71,NA,NA,NA,NA,NA,NA,NA,NA,NA,NA,NA,NA,0.491317252,0.10056286
"191",197,197,1,"Simunich_2008",NA,2,NA,1,NA,"Study",NA,"1","Simunich_2008 Study 1",NA,1,NA,1,NA,1,NA,1,NA,2,3,NA,"recycle and CFL bulb",1,NA,1,NA,1,1,1,5,"enviroment",1,NA,1,1,246,2,NA,NA,23,NA,137,28,2,21,167,9423,7,NA,5,NA,"recycle",NA,20,4.98,1.56,NA,21,5.81,0.97,NA,NA,NA,NA,NA,NA,NA,NA,NA,NA,NA,NA,0.630184919,0.102462133
"192",198,198,1,"Simunich_2008",NA,2,NA,1,NA,"Study",NA,"1","Simunich_2008 Study 1",NA,1,NA,1,NA,1,NA,1,NA,2,3,NA,"recycle and CFL bulb",1,NA,1,NA,1,1,1,5,"enviroment",1,NA,1,1,246,2,NA,NA,23,NA,137,28,2,21,167,9423,8,"perceived message persuasiveness_bulb",3,NA,"bulb",NA,20,5.88,1.27,NA,21,5.14,1.84,NA,NA,NA,NA,NA,NA,NA,NA,NA,NA,NA,NA,-0.456944852,0.100165372
"193",199,199,1,"Simunich_2008",NA,2,NA,1,NA,"Study",NA,"1","Simunich_2008 Study 1",NA,1,NA,1,NA,1,NA,1,NA,2,3,NA,"recycle and CFL bulb",1,NA,1,NA,1,1,1,5,"enviroment",1,NA,1,1,246,2,NA,NA,23,NA,137,28,2,21,167,9423,9,NA,3,NA,"bulb",NA,20,6.42,0.92,NA,21,6.32,0.96,NA,NA,NA,NA,NA,NA,NA,NA,NA,NA,NA,NA,-0.104241295,0.097751563
"194",200,200,1,"Simunich_2008",NA,2,NA,1,NA,"Study",NA,"1","Simunich_2008 Study 1",NA,1,NA,1,NA,1,NA,1,NA,2,3,NA,"recycle and CFL bulb",1,NA,1,NA,1,1,1,5,"enviroment",1,NA,1,1,246,2,NA,NA,23,NA,137,28,2,21,167,9423,10,NA,5,NA,"bulb",NA,20,5.44,1.52,NA,21,5.38,1.92,NA,NA,NA,NA,NA,NA,NA,NA,NA,NA,NA,NA,-0.033879364,0.097633045
"195",201,201,1,"Stoll_2016",NA,1,NA,1,NA,"Study",NA,"1","Stoll_2016 Study 1",NA,1,NA,1,NA,1,NA,1,NA,2,7,"negotiation","negotiation for a lower price",1,NA,1,NA,1,1,1,5,"robot",1,NA,1,1,84,2,NA,NA,21.27,4.6,61,13,5,4,54,9211,1,"credibility",6,NA,NA,NA,21,4.49,0.8,NA,21,4.92,0.9,NA,NA,NA,NA,NA,NA,NA,NA,NA,NA,NA,NA,0.49547087,0.098160612
"196",202,202,1,"Stoll_2016",NA,1,NA,1,NA,"Study",NA,"1","Stoll_2016 Study 1",NA,1,NA,1,NA,1,NA,1,NA,2,7,"negotiation","negotiation for a lower price",1,NA,1,NA,1,1,1,5,"robot",1,NA,1,1,84,2,NA,NA,21.27,4.6,61,13,5,4,54,9211,2,"credibility",6,"credibility",NA,NA,21,5.4,0.8,NA,21,4.88,0.88,NA,NA,NA,NA,NA,NA,NA,NA,NA,NA,NA,NA,-0.606667726,0.099619592
"197",203,203,1,"Stoll_2016",NA,1,NA,1,NA,"Study",NA,"1","Stoll_2016 Study 1",NA,1,NA,1,NA,1,NA,1,NA,2,7,"negotiation","negotiation for a lower price",1,NA,1,NA,1,1,1,5,"robot",1,NA,1,1,84,2,NA,NA,21.27,4.6,61,13,5,4,54,9211,3,"Total Point Concession",5,"Principle",NA,NA,21,239.25,173.67,NA,21,220,150.85,NA,NA,NA,NA,NA,NA,NA,NA,NA,NA,NA,NA,-0.116109254,0.095398588
"198",204,204,1,"Stoll_2016",NA,1,NA,1,NA,"Study",NA,"1","Stoll_2016 Study 1",NA,1,NA,1,NA,1,NA,1,NA,2,7,"negotiation","negotiation for a lower price",1,NA,1,NA,1,1,1,5,"robot",1,NA,1,1,84,2,NA,NA,21.27,4.6,61,13,5,4,54,9211,4,"Total Point Concession",5,"Agent",NA,NA,21,263.75,168.15,NA,21,247.27,161.01,NA,NA,NA,NA,NA,NA,NA,NA,NA,NA,NA,NA,-0.098219264,0.095352941
"199",205,205,1,"Stoll_2016",NA,1,NA,1,NA,"Study",NA,"1","Stoll_2016 Study 1",NA,1,NA,1,NA,1,NA,1,NA,2,7,"negotiation","negotiation for a lower price",1,NA,1,NA,1,1,1,5,"robot",1,NA,1,1,84,2,NA,NA,21.27,4.6,61,13,5,4,54,9211,5,"Sympathy",6,NA,NA,NA,21,1.2,0.7,NA,21,2.23,1.41,NA,NA,NA,NA,NA,NA,NA,NA,NA,NA,NA,NA,0.907844532,0.105049782
"200",206,206,1,"Stoll_2016",NA,1,NA,1,NA,"Study",NA,"1","Stoll_2016 Study 1",NA,1,NA,1,NA,1,NA,1,NA,2,7,"negotiation","negotiation for a lower price",1,NA,1,NA,1,1,1,5,"robot",1,NA,1,1,84,2,NA,NA,21.27,4.6,61,13,5,4,54,9211,6,"sympathy",6,NA,NA,NA,21,1.55,0.76,NA,21,1.91,1.34,NA,NA,NA,NA,NA,NA,NA,NA,NA,NA,NA,NA,0.324241801,0.096489676
"201",207,207,1,"Turner_2012",NA,1,NA,1,NA,"Study",NA,"1","Turner_2012 Study 1",NA,1,NA,1,NA,7,NA,1,NA,2,7,"preparedness activities","preparedness activities",3,NA,1,NA,NA,NA,1,1,NA,1,NA,1,1,229,3,NA,NA,37.69,11.96,117,26,29,NA,160,3323,1,"anticipated guilt",1,NA,NA,NA,66,0.017,1.03,NA,50,0.292,1.05,NA,NA,NA,NA,NA,NA,NA,NA,NA,NA,NA,NA,0.263022008,0.035449707
"202",208,208,1,"Turner_2012",NA,1,NA,1,NA,"Study",NA,"1","Turner_2012 Study 1",NA,1,NA,1,NA,7,NA,1,NA,2,7,"preparedness activities","preparedness activities",3,NA,1,NA,NA,NA,1,1,NA,1,NA,1,1,229,3,NA,NA,37.69,11.96,117,26,29,NA,160,3323,2,"fear",NA,NA,NA,NA,66,-0.144,1,NA,50,0.208,1.05,NA,NA,NA,NA,NA,NA,NA,NA,NA,NA,NA,NA,0.342220905,0.035656322
"203",209,209,1,"Turner_2012",NA,1,NA,1,NA,"Study",NA,"1","Turner_2012 Study 1",NA,1,NA,1,NA,7,NA,1,NA,2,7,"preparedness activities","preparedness activities",3,NA,1,NA,NA,NA,1,1,NA,1,NA,1,1,229,3,NA,NA,37.69,11.96,117,26,29,NA,160,3323,3,"anger at source",6,NA,NA,NA,66,-0.255,0.754,NA,50,0.315,1.3,NA,NA,NA,NA,NA,NA,NA,NA,NA,NA,NA,NA,0.552447419,0.036467024
"204",210,210,1,"Turner_2012",NA,1,NA,1,NA,"Study",NA,"1","Turner_2012 Study 1",NA,1,NA,1,NA,7,NA,1,NA,2,7,"preparedness activities","preparedness activities",3,NA,1,NA,NA,NA,1,1,NA,1,NA,1,1,229,3,NA,NA,37.69,11.96,117,26,29,NA,160,3323,4,"Anger at terror",6,NA,NA,NA,66,-0.266,0.98,NA,50,0.21,1.06,NA,NA,NA,NA,NA,NA,NA,NA,NA,NA,NA,NA,0.465799431,0.036086727
"205",211,211,1,"Turner_2012",NA,1,NA,1,NA,"Study",NA,"1","Turner_2012 Study 1",NA,1,NA,1,NA,7,NA,1,NA,2,7,"preparedness activities","preparedness activities",3,NA,1,NA,NA,NA,1,1,NA,1,NA,1,1,229,3,NA,NA,37.69,11.96,117,26,29,NA,160,3323,5,"Anger at situation",6,NA,NA,NA,66,-0.369,0.932,NA,50,0.227,1.11,NA,NA,NA,NA,NA,NA,NA,NA,NA,NA,NA,NA,0.584845357,0.036625843
"206",212,212,1,"Turner_2012",NA,1,NA,1,NA,"Study",NA,"1","Turner_2012 Study 1",NA,1,NA,1,NA,7,NA,1,NA,2,7,"preparedness activities","preparedness activities",3,NA,1,NA,NA,NA,1,1,NA,1,NA,1,1,229,3,NA,NA,37.69,11.96,117,26,29,NA,160,3323,6,"Behavioral intention",4,NA,NA,NA,66,-0.105,0.995,NA,50,0.153,1.13,NA,NA,NA,NA,NA,NA,NA,NA,NA,NA,NA,NA,0.242903376,0.035405834
"207",213,213,1,"Turner_2012",NA,1,NA,1,NA,"Study",NA,"1","Turner_2012 Study 1",NA,1,NA,1,NA,7,NA,1,NA,2,7,"preparedness activities","preparedness activities",3,NA,1,NA,NA,NA,1,1,NA,1,NA,1,1,229,3,NA,NA,37.69,11.96,117,26,29,NA,160,3323,7,"Perceived importance",3,NA,NA,NA,66,0.008,0.938,NA,50,-0.066,1.05,NA,NA,NA,NA,NA,NA,NA,NA,NA,NA,NA,NA,-0.074427528,0.035175392
"208",214,214,1,"Turner_2012",NA,1,NA,1,NA,"Study",NA,"1","Turner_2012 Study 1",NA,1,NA,1,NA,7,NA,1,NA,2,7,"preparedness activities","preparedness activities",3,NA,1,NA,NA,NA,1,1,NA,1,NA,1,1,229,3,NA,NA,37.69,11.96,117,26,29,NA,160,3323,8,"Risk perception",6,NA,NA,NA,66,-0.062,1,NA,50,0.283,1.07,NA,NA,NA,NA,NA,NA,NA,NA,NA,NA,NA,NA,0.332525726,0.035628124
"209",215,215,1,"Turner_2018",NA,1,NA,1,NA,"Study",NA,"1","Turner_2018 Study 1",NA,1,NA,1,NA,7,NA,1,NA,2,3,NA,"reusable bag",1,NA,1,NA,1,2,1,5,"emotion",1,NA,1,1,204,2,NA,NA,20,3.08,124,26,9,27,128,4549,1,"guilt_for profit",1,NA,NA,NA,35,5.22,2.21,NA,35,5.71,2.85,NA,NA,NA,NA,NA,NA,NA,NA,NA,NA,NA,NA,0.190016664,0.05740076
"210",216,216,1,"Turner_2018",NA,1,NA,1,NA,"Study",NA,"1","Turner_2018 Study 1",NA,1,NA,1,NA,7,NA,1,NA,2,3,NA,"reusable bag",1,NA,1,NA,1,2,1,5,"emotion",1,NA,1,1,204,2,NA,NA,20,3.08,124,26,9,27,128,4549,2,"guilt_non profit",1,NA,NA,NA,34,4.58,2.78,NA,34,5.88,2.3,NA,NA,NA,NA,NA,NA,NA,NA,NA,NA,NA,NA,0.503725524,0.06068926
"211",217,217,1,"Turner_2018",NA,1,NA,1,NA,"Study",NA,"1","Turner_2018 Study 1",NA,1,NA,1,NA,7,NA,1,NA,2,3,NA,"reusable bag",1,NA,1,NA,1,2,1,5,"emotion",1,NA,1,1,204,2,NA,NA,20,3.08,124,26,9,27,128,4549,3,"anger_for profit",NA,NA,NA,NA,35,3.68,2.43,NA,35,4.83,2.75,NA,NA,NA,NA,NA,NA,NA,NA,NA,NA,NA,NA,0.438261642,0.058514809
"212",218,218,1,"Turner_2018",NA,1,NA,1,NA,"Study",NA,"1","Turner_2018 Study 1",NA,1,NA,1,NA,7,NA,1,NA,2,3,NA,"reusable bag",1,NA,1,NA,1,2,1,5,"emotion",1,NA,1,1,204,2,NA,NA,20,3.08,124,26,9,27,128,4549,4,"anger_no profit",NA,NA,NA,NA,34,3.29,2.27,NA,34,4.37,2.64,NA,NA,NA,NA,NA,NA,NA,NA,NA,NA,NA,NA,0.433667693,0.06020638
"213",219,219,1,"Turner_2018",NA,1,NA,1,NA,"Study",NA,"1","Turner_2018 Study 1",NA,1,NA,1,NA,7,NA,1,NA,2,3,NA,"reusable bag",1,NA,1,NA,1,2,1,5,"emotion",1,NA,1,1,204,2,NA,NA,20,3.08,124,26,9,27,128,4549,5,"ad liking_profit",3,NA,NA,NA,35,5.84,2.32,NA,35,4.37,3.02,NA,NA,NA,NA,NA,NA,NA,NA,NA,NA,NA,NA,-0.539844781,0.059224517
"214",220,220,1,"Turner_2018",NA,1,NA,1,NA,"Study",NA,"1","Turner_2018 Study 1",NA,1,NA,1,NA,7,NA,1,NA,2,3,NA,"reusable bag",1,NA,1,NA,1,2,1,5,"emotion",1,NA,1,1,204,2,NA,NA,20,3.08,124,26,9,27,128,4549,6,"ad liking_no profit",3,NA,NA,NA,34,4.85,2.6,NA,34,5.63,2.3,NA,NA,NA,NA,NA,NA,NA,NA,NA,NA,NA,NA,0.314145245,0.059549171
"215",221,221,1,"Turner_2018",NA,1,NA,1,NA,"Study",NA,"1","Turner_2018 Study 1",NA,1,NA,1,NA,7,NA,1,NA,2,3,NA,"reusable bag",1,NA,1,NA,1,2,1,5,"emotion",1,NA,1,1,204,2,NA,NA,20,3.08,124,26,9,27,128,4549,7,"ad persuasiveness_profit",3,NA,NA,NA,35,7.26,1.94,NA,35,6.57,2.56,NA,NA,NA,NA,NA,NA,NA,NA,NA,NA,NA,NA,-0.300431639,0.057787565
"216",222,222,1,"Turner_2018",NA,1,NA,1,NA,"Study",NA,"1","Turner_2018 Study 1",NA,1,NA,1,NA,7,NA,1,NA,2,3,NA,"reusable bag",1,NA,1,NA,1,2,1,5,"emotion",1,NA,1,1,204,2,NA,NA,20,3.08,124,26,9,27,128,4549,8,"ad persuasiveness_no profit",3,NA,NA,NA,34,6.31,2.45,NA,34,7.88,1.81,NA,NA,NA,NA,NA,NA,NA,NA,NA,NA,NA,NA,0.720589346,0.062641537
